Date,Open,High,Low,Close,Volume
2016-02-16,793.41,797.86,793.41,797.86,4311608034
2016-02-17,803.69,812.27,803.69,812.27,4795650276
2016-02-18,814.39,814.39,811.24,811.24,4225414900
2016-02-19,808.14,809.44,808.14,809.44,3932152707
2016-02-22,816.39,819.91,816.39,819.91,3852947048
2016-02-23,818.02,818.02,812.75,812.75,3705509493
2016-02-24,806.41,816.3,806.41,816.3,4092107403
2016-02-25,817.4,821.35,817.4,821.35,3865454577
2016-02-26,825.38,825.86,825.38,825.86,4065099286
2016-02-29,826.89,827.66,826.89,827.66,4327718335
2016-03-01,832.44,837.87,832.44,837.87,4577717567
2016-03-02,837.28,846.75,837.28,846.75,4416127856
2016-03-03,847,856.86,847,856.86,4816318267
2016-03-04,859.9,863.84,859.9,863.84,5751962268
2016-03-07,863.39,872.43,863.39,872.43,4709941524
2016-03-08,869.21,869.21,857.87,857.87,4347104456
2016-03-09,861.64,862.2,861.64,862.2,3834535823
2016-03-10,863.81,863.81,859.72,859.72,4192417871
2016-03-11,866.16,871.77,866.16,871.77,3855773149
2016-03-14,869.57,870.01,869.57,870.01,3270116104
2016-03-15,865.04,865.04,861.76,861.76,3407662361
2016-03-16,861.27,870.93,861.27,870.93,3865124854
2016-03-17,872.94,880.94,872.94,880.94,4329524371
2016-03-18,884.18,884.18,883.79,883.79,6092057195
2016-03-21,882.89,883.06,882.89,883.06,3181504433
2016-03-22,879.67,882.04,879.67,882.04,3145184023
2016-03-23,879.52,879.52,870.48,870.48,3398663879
2016-03-24,865.75,870.96,865.75,870.96,3224400388
2016-03-28,872.78,872.78,871.51,871.51,2623024753
2016-03-29,868.91,880.62,868.91,880.62,3499902139
2016-03-30,884.79,884.79,883.82,883.82,3390855257
2016-03-31,883.65,885.51,883.65,885.51,3578228899
2016-04-01,879.48,883.7,879.48,883.7,3516703113
2016-04-04,883.56,883.56,877.26,877.26,3176737233
2016-04-05,872.65,872.65,871.32,871.32,3767748474
2016-04-06,872.54,877.46,872.54,877.46,3496180947
2016-04-07,874.33,874.33,870.51,870.51,3572174860
2016-04-08,877.19,877.56,877.19,877.56,3170141073
2016-04-11,881.56,881.56,880.44,880.44,3371555867
2016-04-12,882.12,889.9,882.12,889.9,4011072233
2016-04-13,893.66,899.75,893.66,899.75,3971888788
2016-04-14,900.29,900.29,898.45,898.45,3500813050
2016-04-15,896.85,898.89,896.85,898.89,3400944557
2016-04-18,894.99,903.5,894.99,903.5,3153925903
2016-04-19,906.95,910.96,906.95,910.96,3726772759
2016-04-20,910.58,912.8,910.58,912.8,3972567853
2016-04-21,913.98,913.98,909.19,909.19,4012840423
2016-04-22,909.96,914.5,909.96,914.5,3656525039
2016-04-25,913.11,913.11,909.5,909.5,3204187710
2016-04-26,912.09,916.36,912.09,916.36,3429524524
2016-04-27,917.19,921.57,917.19,921.57,3932763777
2016-04-28,918.57,918.57,916.37,916.37,4086026960
2016-04-29,916.72,916.72,914.09,914.09,4527047024
2016-05-02,915.77,915.77,915.7,915.7,3694283560
2016-05-03,909.89,909.89,904.83,904.83,4048448864
2016-05-04,902.05,902.05,901.21,901.21,3934326084
2016-05-05,904.73,904.73,900.07,900.07,3878560254
2016-05-06,897.93,902.93,897.93,902.93,3674814329
2016-05-09,901.37,901.37,898.75,898.75,3617079842
2016-05-10,901.45,906.69,901.45,906.69,3472454040
2016-05-11,905.62,905.62,903.23,903.23,3671017095
2016-05-12,906.62,906.62,900.65,900.65,3615951135
2016-05-13,898.61,898.61,895.13,895.13,3445949913
2016-05-16,898.39,901.75,898.39,901.75,3360881332
2016-05-17,900.73,900.73,897.88,897.88,3907710147
2016-05-18,895.78,895.78,893.22,893.22,3963666233
2016-05-19,888.57,888.57,887.82,887.82,3713902147
2016-05-20,890.7,894.69,890.7,894.69,3393197054
2016-05-23,894.01,894.21,894.01,894.21,2949405804
2016-05-24,897.44,901.1,897.44,901.1,3509060273
2016-05-25,903.64,907.52,903.64,907.52,3743519022
2016-05-26,909.67,909.67,906.72,906.72,3106725170
2016-05-27,906.6,909.13,906.6,909.13,2962105038
2016-05-31,910.7,910.73,910.7,910.73,4316777613
2016-06-01,908.09,913.92,908.09,913.92,3392134472
2016-06-02,911.77,916.66,911.77,916.66,3310344969
2016-06-03,917.5,917.84,917.5,917.84,3510752073
2016-06-06,919.87,925.81,919.87,925.81,3336874856
2016-06-07,926.94,929.79,926.94,929.79,3445020233
2016-06-08,932.37,934.06,932.37,934.06,3484147459
2016-06-09,930.36,930.36,929.99,929.99,3203583894
2016-06-10,923.65,923.65,918.85,918.85,3399141396
2016-06-13,915.8,915.8,911.35,911.35,3292734671
2016-06-14,909.2,909.2,906.49,906.49,3663479767
2016-06-15,908.18,909.33,908.18,909.33,3435797057
2016-06-16,905.18,907.52,905.18,907.52,3518715970
2016-06-17,909.62,911.35,909.62,911.35,4763716574
2016-06-20,919.3,919.3,918.73,918.73,3376807754
2016-06-21,919.44,919.44,919.15,919.15,3140821589
2016-06-22,920.8,920.8,917.4,917.4,3089149342
2016-06-23,923.99,928.38,923.99,928.38,3208716048
2016-06-24,902.9,903.94,902.9,903.94,7430834489
2016-06-27,897.38,897.38,883.16,883.16,5326172017
2016-06-28,892.14,896.04,892.14,896.04,4297916411
2016-06-29,903.41,908.91,903.41,908.91,4108122561
2016-06-30,911.19,917.88,911.19,917.88,4433401644
2016-07-01,919.14,922.89,919.14,922.89,3373729315
2016-07-05,918.43,918.43,912.36,912.36,3578836468
2016-07-06,909.12,915.4,909.12,915.4,3844746487
2016-07-07,917.34,917.34,915.09,915.09,3537010576
2016-07-08,921.26,928.34,921.26,928.34,3539970244
2016-07-11,931.81,933.32,931.81,933.32,3185208502
2016-07-12,939.13,943.09,939.13,943.09,4015872604
2016-07-13,944.74,944.74,941.64,941.64,3428641042
2016-07-14,946.15,946.15,943.53,943.53,3371218507
2016-07-15,945.45,945.45,943.94,943.94,3047714029
2016-07-18,943.73,947.25,943.73,947.25,2943076020
2016-07-19,945.6,945.6,944.14,944.14,2905981507
2016-07-20,944.57,947.4,944.57,947.4,3165045275
2016-07-21,947.41,947.41,945.89,945.89,3383218691
2016-07-22,945.96,948.48,945.96,948.48,2976859996
2016-07-25,947.01,947.01,944.96,944.96,3016384085
2016-07-26,945.32,948.28,945.32,948.28,3413196835
2016-07-27,949.3,949.3,946.85,946.85,3943723219
2016-07-28,946.16,946.2,946.16,946.2,3613035204
2016-07-29,945.77,949.74,945.77,949.74,3999536264
2016-08-01,949.25,949.25,945.53,945.53,3443947137
2016-08-02,945.61,945.61,938.12,938.12,3813774720
2016-08-03,937.37,943.92,937.37,943.92,3757209835
2016-08-04,944.16,945.28,944.16,945.28,3680330241
2016-08-05,947.71,951.7,947.71,951.7,3611815317
2016-08-08,953.5,954.61,953.5,954.61,3293948834
2016-08-09,955.62,955.62,954.3,954.3,3245395168
2016-08-10,955.62,955.62,951.63,951.63,3212452098
2016-08-11,953.76,954.94,953.76,954.94,3383549669
2016-08-12,955.2,955.2,954.83,954.83,2960748208
2016-08-15,956.88,960.3,956.88,960.3,3025018118
2016-08-16,959.49,959.49,956.77,956.77,3132381881
2016-08-17,956.07,956.07,955.85,955.85,3335679299
2016-08-18,956.96,960.68,956.96,960.68,3252101590
2016-08-19,958.45,959.01,958.45,959.01,3031853676
2016-08-22,956.89,957.46,956.89,957.46,2727562649
2016-08-23,960.26,961.37,960.26,961.37,2980683031
2016-08-24,960.57,960.57,955.63,955.63,3093961981
2016-08-25,954.63,956.18,954.63,956.18,2875739454
2016-08-26,957.89,957.89,954.22,954.22,3217605874
2016-08-29,954.72,958.62,954.72,958.62,2578977383
2016-08-30,959.05,959.05,958.09,958.09,2889953153
2016-08-31,957.22,957.22,955.39,955.39,3661654904
2016-09-01,955.11,955.11,954.38,954.38,3274903140
2016-09-02,958.49,962,958.49,962,2952046410
2016-09-06,964.31,965.7,964.31,965.7,3276453487
2016-09-07,965.93,968.49,965.93,968.49,3212282591
2016-09-08,968.42,969.32,968.42,969.32,3646370524
2016-09-09,963.19,963.19,947.55,947.55,4130540485
2016-09-12,942.8,953.23,942.8,953.23,3937844650
2016-09-13,946.88,946.88,938.07,938.07,4058562131
2016-09-14,938.51,938.51,936.97,936.97,3585149366
2016-09-15,937.12,942.35,937.12,942.35,3313233296
2016-09-16,939.35,939.83,939.35,939.83,4910421344
2016-09-19,943.69,943.69,942.9,942.9,3058644039
2016-09-20,945.48,945.48,940.91,940.91,3039631044
2016-09-21,944.73,951.25,944.73,951.25,3572808922
2016-09-22,957.68,959.99,957.68,959.99,3408573661
2016-09-23,958.12,958.12,955.84,955.84,3219568632
2016-09-26,953.55,953.55,950.1,950.1,3087828177
2016-09-27,948.86,950.77,948.86,950.77,3286398844
2016-09-28,952.5,959.07,952.5,959.07,3713981306
2016-09-29,958.5,958.5,952.5,952.5,4053536928
2016-09-30,956.22,957.94,956.22,957.94,3940535013
2016-10-03,957.17,957.17,956.12,956.12,2998909889
2016-10-04,956.7,956.7,950.47,950.47,3636201102
2016-10-05,954.42,954.84,954.42,954.84,3779170247
2016-10-06,953.37,953.91,953.37,953.91,3378449206
2016-10-07,954.78,954.78,949.24,949.24,3561879208
2016-10-10,952.73,954.52,952.73,954.52,2869599540
2016-10-11,952.53,952.53,944.42,944.42,3368227259
2016-10-12,944.2,944.58,944.2,944.58,2945643998
2016-10-13,939.33,940.07,939.33,940.07,3499799897
2016-10-14,943.32,943.32,939.73,939.73,3185125620
2016-10-17,939.7,939.7,937.6,937.6,2817227692
2016-10-18,944.46,944.46,943.53,943.53,3161915928
2016-10-19,945.77,948.91,945.77,948.91,3351934161
2016-10-20,947.6,947.86,947.6,947.86,3329575243
2016-10-21,943.96,947.53,943.96,947.53,3433812703
2016-10-24,951,951,948.8,948.8,3320954019
2016-10-25,947.75,947.75,944.88,944.88,3722411214
2016-10-26,941.73,941.73,940.65,940.65,3757400048
2016-10-27,942.13,942.13,934.28,934.28,4200677623
2016-10-28,933.78,933.78,931.26,931.26,4004001155
2016-10-31,932.28,932.28,930.86,930.86,3886560724
2016-11-01,932.31,932.31,923.5,923.5,4408798429
2016-11-02,921.33,921.33,914.94,914.94,4281912467
2016-11-03,915.5,915.5,911.6,911.6,3886485375
2016-11-04,910.86,911.61,910.86,911.61,3834779862
2016-11-07,921.1,923.45,921.1,923.45,3730104104
2016-11-08,921.26,924.44,921.26,924.44,3912905599
2016-11-09,917.45,933.27,917.45,933.27,6260899546
2016-11-10,935.81,935.81,933.41,933.41,6402028430
2016-11-11,930.83,935.9,930.83,935.9,4990013062
2016-11-14,936.72,938.06,936.72,938.06,5357149534
2016-11-15,939.94,946.91,939.94,946.91,4541454539
2016-11-16,945.39,947.72,945.39,947.72,3842411170
2016-11-17,950.11,950.11,948.57,948.57,3798802079
2016-11-18,948.84,949,948.84,949,3538846062
2016-11-21,953.51,955.82,953.51,955.82,3585357044
2016-11-22,959.08,960.82,959.08,960.82,3945801305
2016-11-23,956.98,961.99,956.98,961.99,3401435033
2016-11-25,962.6,963.86,962.6,963.86,1576566132
2016-11-28,964.13,964.13,958.41,958.41,3482771031
2016-11-29,956.46,956.46,956.3,956.3,3672262211
2016-11-30,961.52,961.52,957.95,957.95,5528010156
2016-12-01,959.88,959.88,954.79,954.79,5038798606
2016-12-02,954.51,955.24,954.51,955.24,3752629420
2016-12-05,958.27,962.18,958.27,962.18,3880952222
2016-12-06,962.72,967.91,962.72,967.91,3849984591
2016-12-07,968.89,975.96,968.89,975.96,4492831926
2016-12-08,976.55,981.59,976.55,981.59,4196359088
2016-12-09,982.32,982.32,982.19,982.19,3879968285
2016-12-12,983.44,983.44,977.08,977.08,4033684411
2016-12-13,981.15,981.15,979.87,979.87,3853879335
2016-12-14,978.16,978.16,969.14,969.14,4407247694
2016-12-15,967.81,970.58,967.81,970.58,4169002859
2016-12-16,972.42,972.42,971.76,971.76,5909254836
2016-12-19,973.11,974.21,973.11,974.21,3251394646
2016-12-20,975.72,977.79,975.72,977.79,3306052826
2016-12-21,978.42,978.42,977.16,977.16,2857435973
2016-12-22,976.65,976.65,973.55,973.55,2857551113
2016-12-23,973.9,975.43,973.9,975.43,2017811273
2016-12-27,976.38,977.68,976.38,977.68,1990612560
2016-12-28,978.09,978.09,971.63,971.63,2393787315
2016-12-29,972.62,973.53,972.62,973.53,2344243108
2016-12-30,974.79,974.79,972.68,972.68,2672890528
2017-01-03,978.86,980.93,978.86,980.93,3740590217
2017-01-04,984.13,992.02,984.13,992.02,3758723611
2017-01-05,991.62,991.62,990.31,990.31,3781509399
2017-01-06,990.54,990.54,988.93,988.93,3351210844
2017-01-09,988.3,988.3,984.03,984.03,3229325878
2017-01-10,985.25,987.4,985.25,987.4,3652962591
2017-01-11,987.79,991.56,987.79,991.56,3637232113
2017-01-12,991.67,991.67,988.32,988.32,3477335235
2017-01-13,989.73,991.7,989.73,991.7,3091264586
2017-01-17,992.04,992.04,989.19,989.19,3591794021
2017-01-18,989.17,989.37,989.17,989.37,3326475007
2017-01-19,989.13,989.13,984.51,984.51,3167002433
2017-01-20,986.55,987.77,986.55,987.77,3519846933
2017-01-23,987.96,988.18,987.96,988.18,3169332926
2017-01-24,990.58,996.49,990.58,996.49,3830721442
2017-01-25,999.69,1002.26,999.69,1002.26,3865821400
2017-01-26,1002.55,1002.55,1000.44,1000.44,3630846227
2017-01-27,1000.63,1000.63,997.88,997.88,3151828000
2017-01-30,994.64,994.64,990.38,990.38,3607827419
2017-01-31,989.37,992.21,989.37,992.21,4107164646
2017-02-01,994.84,994.84,992.48,992.48,3939231742
2017-02-02,992.63,992.96,992.63,992.96,3826014348
2017-02-03,996.73,1000.11,996.73,1000.11,3615457213
2017-02-06,999.04,999.04,996.56,996.56,3126791589
2017-02-07,997.15,997.15,994.11,994.11,3474205160
2017-02-08,992.83,994.54,992.83,994.54,3627923352
2017-02-09,996.17,1000.02,996.17,1000.02,3699963124
2017-02-10,1002.85,1005.84,1002.85,1005.84,3495766771
2017-02-13,1008.12,1008.12,1007.4,1007.4,3365120421
2017-02-14,1007.39,1009.08,1004.85,1009.07,3181735947
2017-02-15,1009.06,1011.24,1006.77,1010.89,3393270595
2017-02-16,1010.88,1011.2,1006.54,1008.12,3374290193
2017-02-17,1008.1,1008.1,1004.65,1007.44,3204025574
2017-02-21,1007.51,1013.17,1007.51,1013.16,3231776634
2017-02-22,1013.03,1013.03,1009.02,1009.81,3146543637
2017-02-23,1010.01,1012.48,1005.94,1007.9,3654639054
2017-02-24,1007.89,1007.89,1002.56,1005.82,3503127554
2017-02-27,1005.83,1008.7,1004.41,1008.01,3161288678
2017-02-28,1007.92,1007.92,1001.48,1002.05,3752290464
2017-03-01,1002.41,1012.32,1002.41,1010.96,3930674240
2017-03-02,1010.7,1010.7,1002.86,1003.08,3497046815
2017-03-03,1003.07,1004.77,1000.78,1003.21,3211008542
2017-03-06,1003.07,1003.07,996.08,997.79,2954566059
2017-03-07,997.71,997.71,993.03,993.21,3123590790
2017-03-08,993.17,993.47,985.77,985.83,3510985586
2017-03-09,985.82,986.05,977.64,979.85,3412397419
2017-03-10,979.86,984.14,979.67,982.95,3140765551
2017-03-13,982.98,986.32,982.98,985.21,2819049871
2017-03-14,985.21,985.21,977.14,979.64,2931854056
2017-03-15,979.75,992.73,979.75,991.75,3536441774
2017-03-16,991.78,994.33,991.78,993.59,3068033553
2017-03-17,993.59,994.95,992.37,994.21,4376485950
2017-03-20,994.21,994.23,990.82,992.35,2744380883
2017-03-21,992.39,994.5,980.18,980.5,3901925014
2017-03-22,980.47,980.47,975.94,979,3286649059
2017-03-23,979.02,984.95,978.17,982.07,2950360673
2017-03-24,982.08,985.33,980.62,982.21,2721619213
2017-03-27,982.21,982.77,975.66,982.21,2962216290
2017-03-28,982.14,988.93,981.92,988.55,3045407522
2017-03-29,988.52,993.14,986.87,992.64,2822243581
2017-03-30,992.65,995.2,992.6,994.61,2832223136
2017-03-31,994.59,998.36,993.87,997.27,3006892168
2017-04-03,997.35,998.39,991.17,993.69,3040679025
2017-04-04,993.68,993.68,991.07,992.57,2936942615
2017-04-05,992.72,998.26,987.76,988.08,3448220685
2017-04-06,988.08,993.76,987.9,993.38,2625304710
2017-04-07,993.38,994.78,991.56,992.89,2740827001
2017-04-10,993.01,998,993.01,996.42,2507997575
2017-04-11,996.34,999.02,993.11,998.99,2856281911
2017-04-12,998.97,998.97,992.13,992.6,2912638998
2017-04-13,992.55,992.73,986.03,986.05,2901987231
2017-04-17,986.07,991.46,986.07,991.46,2558139289
2017-04-18,991.45,991.45,986.68,989.92,3006745777
2017-04-19,989.97,993.28,987.9,988.62,3155531332
2017-04-20,988.79,994.68,988.79,994.25,3349003045
2017-04-21,994.25,994.32,991.96,993.04,3209712509
2017-04-24,993.54,999.99,993.54,999.15,3341805717
2017-04-25,999.15,1004.77,999.15,1003.99,3631645805
2017-04-26,1004.06,1009.62,1003.36,1007.59,5449620197
2017-04-27,1007.6,1008.31,1003.79,1005.39,5488394177
2017-04-28,1005.42,1006.03,1000.03,1000.64,5205614066
2017-05-01,1000.65,1002.73,998.95,1001.18,4543102906
2017-05-02,1001.12,1002.4,996.88,998.35,5462204417
2017-05-03,998.17,998.17,993.37,994.62,3660907611
2017-05-04,994.59,994.59,985.77,987.67,4103602088
2017-05-05,987.79,994.81,987.79,994.78,2959990629
2017-05-08,994.79,995.5,991.43,994.12,3053789739
2017-05-09,994.12,994.69,991.69,992.82,3305974417
2017-05-10,992.83,997.54,992.83,997.07,3294426421
2017-05-11,997.04,997.04,990.06,993.92,3384625409
2017-05-12,993.86,993.86,990.46,991.01,3017727851
2017-05-15,991.02,997.71,991.02,995.68,3093252023
2017-05-16,995.75,996.88,992.75,994.34,3119876722
2017-05-17,994.26,994.26,981.35,981.37,3831780067
2017-05-18,981.37,981.37,975.98,978.64,3712759319
2017-05-19,978.64,988.77,978.64,986.64,3495396518
2017-05-22,986.74,990.54,986.74,989.94,2852303417
2017-05-23,990.07,992.15,989.27,990.69,2906555615
2017-05-24,990.7,992.38,988.83,991.17,3101760732
2017-05-25,991.36,994.92,989.4,990.25,3241156412
2017-05-26,990.27,990.75,988.6,990.69,2551212517
2017-05-30,990.67,990.67,985.85,985.85,2882738255
2017-05-31,985.9,986.34,980.14,984.84,4036726821
2017-06-01,984.83,993.69,984.83,993.64,3427014933
2017-06-02,993.65,996.83,992.45,994.87,3179569144
2017-06-05,994.87,994.87,991.37,992.34,2618246449
2017-06-06,992.34,993.93,988.85,991.18,3048149557
2017-06-07,991.2,993.1,987.25,990.38,3295863992
2017-06-08,990.38,994.19,989.18,993.2,3377798730
2017-06-09,993.26,999.2,993.26,997.09,3690744635
2017-06-12,997.09,999.9,996.53,997.38,3660163527
2017-06-13,997.38,1001.87,996.98,1001.86,3007524643
2017-06-14,1001.94,1002.7,996.05,997.62,3266688454
2017-06-15,997.15,997.15,991.1,992.39,3064040011
2017-06-16,992.33,993.43,989.82,993.42,4562660321
2017-06-19,994.33,998.28,994.33,997.44,2935864174
2017-06-20,997.38,997.38,989.54,990,3133827250
2017-06-21,989.96,991.13,984.1,984.66,3167395633
2017-06-22,984.73,988.88,984.73,987.37,3057001968
2017-06-23,987.38,992.57,986.96,992.38,4157404568
2017-06-26,992.51,997.44,992.51,996.19,2933602842
2017-06-27,996.27,998.95,992.94,993.01,3248213686
2017-06-28,993.33,1000.86,993.33,999.72,3163864398
2017-06-29,999.72,1000.42,991.28,995.37,3511919543
2017-06-30,995.37,999.35,995.37,997.62,3015433402
2017-07-03,997.94,1004.38,997.94,1003.39,1730048626
2017-07-05,1003.37,1003.37,996.39,998.55,3051031274
2017-07-06,998.4,998.4,990.1,990.69,3067323718
2017-07-07,990.8,993.95,989.22,993.78,2676728521
2017-07-10,993.68,996.36,992.27,994.48,2722380967
2017-07-11,994.49,995.74,991.5,995.42,2789340551
2017-07-12,995.42,1002.96,995.42,1000.74,2914938625
2017-07-13,1000.75,1002.47,999.91,1002.46,2787816754
2017-07-14,1002.48,1008.27,1002.48,1007.27,2479887869
2017-07-17,1007.26,1009.87,1006.99,1008.61,2496401219
2017-07-18,1008.62,1008.62,1005.56,1007.13,2652328209
2017-07-19,1007.13,1012.97,1007.13,1012.97,2753187518
2017-07-20,1012.96,1013.7,1011.02,1012.04,2868733558
2017-07-21,1012.1,1013.17,1008.65,1010.09,2770810095
2017-07-24,1010.1,1010.1,1007.49,1008.46,2697703583
2017-07-25,1008.49,1014.7,1008.49,1013.27,3515866785
2017-07-26,1013.35,1014.12,1011.64,1011.84,3248828633
2017-07-27,1011.91,1012.66,1007.5,1009.93,3605713169
2017-07-28,1009.88,1010.13,1007.53,1009.51,2975294479
2017-07-31,1009.62,1010.76,1006.49,1009.2,3111603714
2017-08-01,1009.2,1011.2,1009.2,1010.3,3122841917
2017-08-02,1010.2,1010.2,1004.95,1005.98,3160380224
2017-08-03,1005.98,1005.98,1001.27,1002.11,3296942523
2017-08-04,1002.15,1004.77,1002.15,1004.43,2945920339
2017-08-07,1004.48,1004.7,1002.29,1003.54,2641075980
2017-08-08,1003.55,1006.35,999.75,1000.75,3025566164
2017-08-09,1000.47,1000.47,995.06,996.22,2976039502
2017-08-10,996.06,996.06,983.18,983.2,3273424764
2017-08-11,982.73,984.31,977.73,983.76,2874211577
2017-08-14,984.2,991.88,984.2,990.31,2535386596
2017-08-15,990.3,990.3,985.39,985.83,2626947519
2017-08-16,985.99,988.71,985.99,986.54,2690852748
2017-08-17,986.53,987.42,977.48,977.58,2856618601
2017-08-18,977.57,979.94,974.33,978.1,3063877544
2017-08-21,978.12,978.17,976.03,977.11,2504319735
2017-08-22,977.31,983.19,977.31,982.69,2522596425
2017-08-23,982.47,984.58,980.11,983.41,2525936069
2017-08-24,983.56,985.73,983.56,984.15,2563814309
2017-08-25,984.37,988.89,984.37,987.69,2342827162
2017-08-28,987.9,989.4,985.46,986.97,2384910622
2017-08-29,986.96,987.12,982.66,986.69,2494510110
2017-08-30,986.68,989.16,985.1,988.86,2385856970
2017-08-31,988.91,995.14,988.91,994.48,2944462632
2017-09-01,994.64,999.38,994.64,999.17,2434357549
2017-09-05,999.17,999.58,990.89,993.09,3147370000
2017-09-06,993.1,997.05,993.1,995.89,2996480078
2017-09-07,995.87,997.1,994.36,995.61,3002560785
2017-09-08,995.5,995.5,992.5,993.27,2994254525
2017-09-11,993.28,1000.92,993.28,1000.23,2923242001
2017-09-12,1000.29,1005.08,1000.29,1004.23,2945000811
2017-09-13,1004.18,1006.2,1003.93,1005.98,3059448473
2017-09-14,1005.93,1006.2,1003.94,1005.78,3089121694
2017-09-15,1005.82,1007.84,1005.13,1007.84,4139888327
2017-09-18,1007.91,1011.36,1007.91,1009.85,2847347238
2017-09-19,1009.96,1010.71,1009.19,1010.5,2939271361
2017-09-20,1010.62,1014.04,1010.62,1012.69,3181604392
2017-09-21,1012.71,1012.78,1011.27,1011.38,2635987479
2017-09-22,1011.29,1014.07,1011.22,1014.05,2560415491
2017-09-25,1014.02,1016.11,1012.46,1014.78,2958368712
2017-09-26,1014.85,1017.67,1014.85,1016.41,2735059426
2017-09-27,1016.55,1020.9,1015.03,1020.19,3124666728
2017-09-28,1020.1,1021,1017.53,1020.97,2839998900
2017-09-29,1021.06,1022.85,1021.05,1022.69,2878286726
2017-10-02,1022.69,1026.72,1021.14,1026.71,2821217938
2017-10-03,1026.82,1028.75,1026.33,1028.7,2742938266
2017-10-04,1028.7,1029.91,1027.6,1028.25,2688167793
2017-10-05,1028.39,1031.39,1028.39,1030.28,2689664599
2017-10-06,1030.23,1030.23,1026.74,1027.33,2549148016
2017-10-09,1027.37,1028.12,1024.94,1025.39,1992424430
2017-10-10,1025.58,1029.34,1025.58,1027.68,2608120836
2017-10-11,1027.69,1028.26,1026.79,1027.91,2681918175
2017-10-12,1027.87,1027.87,1024.55,1026.66,2872165213
2017-10-13,1026.69,1029.56,1026.69,1028.04,2840994784
2017-10-16,1028.08,1030.41,1027.12,1027.53,2635306575
2017-10-17,1027.51,1027.72,1024.69,1025.43,2608235977
2017-10-18,1025.48,1027.24,1024.89,1026.05,2682139866
2017-10-19,1026.03,1026.03,1021.17,1024.99,2698388291
2017-10-20,1025.01,1028.28,1025.01,1028.28,3055791151
2017-10-23,1028.28,1028.86,1023.68,1023.89,2901457978
2017-10-24,1024.24,1027.02,1024.24,1024.98,3075704953
2017-10-25,1024.93,1024.93,1015.41,1018.94,3501709602
2017-10-26,1019.02,1020.88,1018.92,1019.09,3500926443
2017-10-27,1019.16,1021.5,1016.64,1021.5,3525628011
2017-10-30,1019.87,1019.87,1016.66,1017.74,3670234306
2017-10-31,1019.77,1021.74,1019.5,1021,3904013230
2017-11-01,1024.82,1024.82,1019.74,1021.49,3492141560
2017-11-02,1019.95,1022.11,1018.93,1020.35,3692142984
2017-11-03,1019.05,1019.94,1017.94,1019.92,3250431599
2017-11-06,1019.92,1024.18,1019.92,1023.84,3187996385
2017-11-07,1023.84,1024.63,1019.14,1020.17,3417001252
2017-11-08,1020.07,1020.14,1016.46,1019.76,3465646142
2017-11-09,1019.72,1019.72,1013.83,1017.34,3464760358
2017-11-10,1017.28,1018.24,1015.48,1015.84,3100191139
2017-11-13,1015.62,1015.62,1012.55,1013.61,3023205295
2017-11-14,1013.47,1013.47,1007.88,1008.61,3311067874
2017-11-15,1008.52,1008.52,1001.58,1005.09,3160673318
2017-11-16,1005.3,1013.3,1005.3,1012.36,2965236715
2017-11-17,1012.35,1017.32,1011.75,1016.57,2940572831
2017-11-20,1016.57,1018.45,1016.01,1018.45,2696421579
2017-11-21,1018.83,1023.53,1018.83,1022.99,2984349385
2017-11-22,1023.19,1025.81,1023.19,1024.11,2497842213
2017-11-24,1024.35,1025.8,1024.35,1025.29,1240571214
2017-11-27,1025.33,1025.37,1021.04,1021.27,2659997747
2017-11-28,1021.27,1027.28,1021.27,1026.83,3093436387
2017-11-29,1026.92,1030,1026.92,1028.06,3675895696
2017-11-30,1028.12,1032.35,1028.12,1030.4,4333475630
2017-12-01,1030.47,1031.93,1020.35,1030.26,3521996800
2017-12-04,1030.66,1037.12,1030.06,1030.16,3590077750
2017-12-05,1030.17,1030.17,1025.77,1025.81,3162062295
2017-12-06,1025.7,1025.7,1021.14,1021.23,2869385978
2017-12-07,1021.11,1025.18,1020.03,1023.78,2895737038
2017-12-08,1023.79,1028.69,1023.79,1027.03,2763912355
2017-12-11,1027.03,1029.65,1027.03,1028.58,2720031982
2017-12-12,1028.58,1030.52,1027.63,1027.63,3168985343
2017-12-13,1027.71,1031.07,1027.71,1029,3133040450
2017-12-14,1029.01,1029.43,1023.37,1023.61,3003008390
2017-12-15,1023.69,1030.49,1023.69,1028.34,4786784657
2017-12-18,1028.73,1037.43,1028.73,1036.29,3267305146
2017-12-19,1036.36,1037.28,1031.89,1032.25,3015852917
2017-12-20,1032.28,1034.74,1032.21,1033.7,2908405705
2017-12-21,1033.81,1038.34,1033.81,1037.08,2941609897
2017-12-22,1037.15,1037.64,1035.77,1037,2143308909
2017-12-26,1037,1039.5,1036.87,1038.61,1805099560
2017-12-27,1038.62,1040.65,1038.05,1038.64,1891622813
2017-12-28,1038.66,1040.06,1037.99,1039.97,1932476162
2017-12-29,1039.98,1042.15,1038.42,1038.43,2206552553
2018-01-02,1038.49,1045.67,1038.49,1045.45,3035919552
2018-01-03,1045.47,1049.33,1045.47,1049.06,3176136702
2018-01-04,1049.08,1053.23,1049.08,1052.07,3343875973
2018-01-05,1052.23,1055.31,1052.23,1055.07,2930487788
2018-01-08,1055.06,1056.78,1052.84,1056.46,2878634154
2018-01-09,1056.55,1057.89,1054.45,1056.82,3133428037
2018-01-10,1056.73,1057.34,1054.05,1055.62,3191114333
2018-01-11,1055.69,1065.22,1055.69,1065.19,3318634186
2018-01-12,1065.21,1068.16,1065.21,1068.05,3260134964
2018-01-16,1068.32,1072.12,1061.2,1061.9,3868077296
2018-01-17,1062.03,1067.49,1062.03,1065.99,3402744845
2018-01-18,1065.99,1065.99,1061.31,1061.48,3273050344
2018-01-19,1061.53,1066.16,1061.48,1065.99,3349337890
2018-01-22,1066.03,1070.57,1065.73,1070.57,3107178810
2018-01-23,1070.58,1074.24,1069.35,1073.85,3164336033
2018-01-24,1074.06,1077.21,1071.36,1073.72,3618036579
2018-01-25,1073.73,1076.18,1070.36,1072.37,3380246027
2018-01-26,1072.4,1074.82,1071.93,1074.82,3067759269
2018-01-29,1074.82,1074.82,1065.31,1065.35,3168275354
2018-01-30,1064.98,1064.98,1054.43,1055.49,3477088273
2018-01-31,1055.7,1060,1052.08,1055.19,3725149385
2018-02-01,1055.1,1056.07,1051.99,1053.66,3503013254
2018-02-02,1053.6,1053.6,1035.2,1035.27,3720389929
2018-02-05,1035.23,1035.23,1010.14,1010.44,4511185194
2018-02-06,1009.92,1018.33,997.75,1015.9,4946408684
2018-02-07,1016.06,1021.39,1014.49,1014.5,4005247320
2018-02-08,1014.5,1015.25,993.6,993.68,4446636743
2018-02-09,993.69,999.26,977.65,995.3,4910446842
2018-02-12,995.6,1007.47,995,1004.92,3513557367
2018-02-13,1004.85,1007.32,1002.1,1006.15,3025542171
2018-02-14,1005.9,1016.87,1002.52,1016.15,3456079400
2018-02-15,1016.47,1022.13,1014.34,1022.13,3260911826
2018-02-16,1021.99,1028.05,1020.85,1024.07,3250329375
2018-02-20,1024.07,1024.65,1017.68,1019.1,3126813262
2018-02-21,1019.13,1025.61,1016.36,1016.42,3364486639
2018-02-22,1016.43,1023.07,1016.08,1016.71,3255888358
2018-02-23,1016.71,1024.87,1016.71,1024.87,2859696684
2018-02-26,1024.87,1029.8,1024.04,1029.41,3056853022
2018-02-27,1029.41,1030.48,1018.85,1018.85,3308957807
2018-02-28,1018.85,1021.5,1009.47,1009.47,3628384939
2018-03-01,1009.47,1012.19,1001.08,1005.11,3870728758
2018-03-02,1005.1,1010.29,998.47,1009.72,3355712511
2018-03-05,1009.46,1017.38,1006.96,1016.1,3143832430
2018-03-06,1016.12,1021.57,1015.72,1021.22,2941511705
2018-03-07,1021.06,1022.19,1017.17,1021.6,3012758390
2018-03-08,1021.63,1023.59,1019.01,1022.25,2753247125
2018-03-09,1022.25,1030.49,1022.25,1030.49,3026658054
2018-03-12,1030.49,1033.97,1030.49,1032.66,2854331278
2018-03-13,1032.66,1035.71,1028.92,1029.81,2927784737
2018-03-14,1029.81,1032.05,1025.77,1026.32,3026259916
2018-03-15,1026.33,1027.45,1019.64,1021.15,3124446992
2018-03-16,1021.15,1026.87,1021.14,1025.8,4459069725
2018-03-19,1025.79,1025.79,1013.05,1017.37,2907187306
2018-03-20,1017.37,1018.87,1014.67,1015.8,2871863072
2018-03-21,1015.81,1022.53,1015.31,1019.88,3101732917
2018-03-22,1019.88,1019.88,1005.31,1005.38,3324343921
2018-03-23,1005.39,1008.53,994.1,994.11,3418636600
2018-03-26,994.12,1004.2,994.12,1004.01,3135813357
2018-03-27,1004.01,1006.74,993.98,995.92,3315337638
2018-03-28,995.92,997.89,993.33,995.12,3416371194
2018-03-29,995.13,1005.8,995.13,1003.41,3142133870
2018-04-02,1003.15,1003.15,985.78,989.81,3167183840
2018-04-03,990.24,997.43,989.24,996.85,3030004228
2018-04-04,996.83,1002.31,989.12,1001.83,2834957838
2018-04-05,1001.83,1010.21,1001.83,1009.56,2837997691
2018-04-06,1009.53,1009.53,994.94,999.09,2887371412
2018-04-09,999.19,1005.26,998.52,998.61,2649156867
2018-04-10,998.62,1010.39,998.62,1008.88,3200324301
2018-04-11,1008.84,1011.8,1006.94,1009.77,2185588212
2018-04-12,1009.8,1012.44,1009.77,1011.03,2718480585
2018-04-13,1011.07,1013.21,1007.59,1009.15,2647089267
2018-04-16,1009.3,1015.79,1009.3,1014.94,2696249964
2018-04-17,1015.01,1022.16,1015.01,1021.13,2808151259
2018-04-18,1021.2,1027.05,1021.2,1024.83,3033962217
2018-04-19,1024.83,1024.87,1018.44,1020.33,3040112321
2018-04-20,1020.32,1020.32,1014.2,1015.62,3058925752
2018-04-23,1015.59,1017.18,1012.16,1014.34,2704409073
2018-04-24,1014.33,1018,1006.4,1009.6,3337151032
2018-04-25,1009.57,1009.57,1004.92,1008.44,3104033709
2018-04-26,1008.48,1013.64,1008.48,1012.41,3276395287
2018-04-27,1012.41,1013.86,1010.67,1013.38,2891097715
2018-04-30,1013.44,1015.46,1009.34,1009.36,3267893040
2018-05-01,1009.36,1009.36,1002.03,1008.51,3112972496
2018-05-02,1008.53,1012.16,1007.62,1007.98,3593861735
2018-05-03,1007.98,1007.98,999.43,1003.82,3460996562
2018-05-04,1003.72,1012.22,1001.09,1010.68,3037069708
2018-05-07,1010.79,1016.8,1010.79,1014.11,2895374688
2018-05-08,1014.1,1014.4,1011.58,1014.38,3328690873
2018-05-09,1014.37,1019.29,1014.37,1018.84,3482495802
2018-05-10,1018.91,1024.74,1018.91,1024.13,3023244581
2018-05-11,1024.14,1025.86,1022.72,1024.03,2583147831
2018-05-14,1024.03,1026.84,1023.3,1023.58,2640045827
2018-05-15,1023.54,1023.54,1017.83,1019.91,2935365225
2018-05-16,1019.96,1025.41,1019.96,1024.22,2889164944
2018-05-17,1024.22,1028.15,1024.15,1026.15,3063859009
2018-05-18,1026.14,1026.29,1025,1025.71,2951189598
2018-05-21,1025.72,1031.06,1025.72,1030.78,2690544722
2018-05-22,1030.79,1032.88,1027.82,1028.03,3045017769
2018-05-23,1028.03,1028.03,1024.47,1027.15,2985630577
2018-05-24,1027.06,1027.06,1022.41,1025.67,2925602911
2018-05-25,1025.66,1025.66,1021.99,1023.22,2700763146
2018-05-29,1023.16,1023.16,1015.6,1017.69,3340424461
2018-05-30,1017.88,1027.81,1017.88,1026.81,3166614151
2018-05-31,1026.74,1026.84,1020.7,1021.94,3704579257
2018-06-01,1022.05,1026.61,1022.05,1026.41,3305666847
2018-06-04,1026.42,1030.11,1026.42,1029.34,3036239353
2018-06-05,1029.34,1031.7,1028.39,1031.22,3149069524
2018-06-06,1031.22,1035.21,1031.22,1035.18,3284737327
2018-06-07,1035.21,1037.17,1032.95,1035.01,3301260594
2018-06-08,1035.01,1036.67,1033.46,1036.4,2803754917
2018-06-11,1036.4,1039.92,1036.4,1038.91,2888041112
2018-06-12,1038.95,1041.14,1038.06,1039.17,3036724145
2018-06-13,1039.25,1039.88,1034.83,1035.16,3346016756
2018-06-14,1035.17,1036.94,1033.84,1035.01,3177076573
2018-06-15,1034.89,1034.89,1029.83,1033.19,4724373771
2018-06-18,1032.93,1034.22,1029.91,1034.2,2909452813
2018-06-19,1033.8,1033.8,1026.07,1031.29,3267560730
2018-06-20,1031.31,1035.11,1031.31,1034.64,2963472673
2018-06-21,1034.63,1034.64,1026.32,1026.76,2378798065
2018-06-22,1026.78,1031.72,1026.78,1030.29,4548559864
2018-06-25,1030.29,1030.29,1017.08,1020.43,3293955024
2018-06-26,1020.51,1024.59,1018.25,1023.48,4895663468
2018-06-27,1023.45,1026.11,1014.07,1014.07,3399847625
2018-06-28,1014.06,1015.54,1008.93,1013.12,3106143467
2018-06-29,1013.29,1018.22,1013.29,1013.35,3160380578
2018-07-02,1013.35,1013.35,1006.19,1010.92,2774806530
2018-07-03,1010.92,1017.77,1010.92,1015.12,1752234333
2018-07-05,1015.15,1020.63,1014.43,1019.14,2641860629
2018-07-06,1019.13,1025.03,1017.09,1023.45,2322518868
2018-07-09,1023.47,1028.95,1023.47,1028.82,2727476926
2018-07-10,1028.83,1030.4,1024.84,1028.54,2706754327
2018-07-11,1028.54,1028.54,1019.02,1020.94,2711292900
2018-07-12,1021.05,1023.94,1018.33,1023.34,2559097749
2018-07-13,1023.34,1025.31,1021.24,1023.07,2368317818
2018-07-16,1023.14,1023.22,1016.51,1019.37,2550224649
2018-07-17,1019.35,1022.63,1016.96,1020.16,2685931844
2018-07-18,1020.16,1021.77,1018.02,1021.72,2721161707
2018-07-19,1021.66,1023.79,1019.67,1022.79,2919639108
2018-07-20,1022.79,1023.09,1021.31,1021.82,2898974785
2018-07-23,1021.76,1021.81,1019.33,1020.93,2595213265
2018-07-24,1020.97,1024.79,1019.08,1019.97,3044743877
2018-07-25,1019.98,1023.62,1018.91,1023.57,3194152555
2018-07-26,1023.57,1027.39,1023.14,1025.88,3260600248
2018-07-27,1025.98,1027.72,1018.53,1019.21,3080085290
2018-07-30,1019.21,1021.17,1016.94,1017.12,2906221208
2018-07-31,1017.17,1022.75,1017.17,1021.45,3445160634
2018-08-01,1021.4,1021.4,1015.77,1017.87,3094105099
2018-08-02,1017.87,1019.31,1014.07,1019.28,3157784848
2018-08-03,1019.26,1021.48,1019.16,1020.56,2737069146
2018-08-06,1020.5,1022.53,1019.34,1021.73,2576386943
2018-08-07,1021.9,1025.23,1021.9,1022.67,2835477375
2018-08-08,1022.65,1022.82,1019.74,1021.58,2688423080
2018-08-09,1021.57,1024.08,1021.57,1021.84,2738127372
2018-08-10,1021.81,1021.81,1015.73,1016.55,2883433525
2018-08-13,1016.55,1016.55,1008.73,1010.02,2808999784
2018-08-14,1010.06,1014.44,1010.06,1013.88,2654654610
2018-08-15,1013.77,1013.77,1000.93,1004.21,3329649417
2018-08-16,1004.21,1011.21,1004.21,1009.39,2893027438
2018-08-17,1009.34,1013.63,1008.47,1013.16,2691890339
2018-08-20,1013.17,1017.89,1013.17,1017.29,2415656306
2018-08-21,1017.29,1023.33,1017.29,1022.03,2750188723
2018-08-22,1022.02,1023.28,1021.32,1022.92,2403830708
2018-08-23,1022.91,1022.91,1018.78,1019.08,2406487701
2018-08-24,1019.12,1022.76,1019.12,1022.63,2287335477
2018-08-27,1022.65,1028.21,1022.65,1026.33,2532088321
2018-08-28,1026.34,1028.15,1024.74,1025.66,2358115429
2018-08-29,1025.66,1028.62,1024.79,1027.86,2487674405
2018-08-30,1027.64,1027.64,1021.65,1022.13,2486850142
2018-08-31,1022.13,1023.09,1020.23,1022.95,2526606260
2018-09-04,1022.81,1022.81,1015.76,1017.54,2740838741
2018-09-05,1017.41,1017.41,1012.46,1014.92,2875216724
2018-09-06,1014.92,1016.67,1010.43,1011.22,2821484233
2018-09-07,1011.14,1011.14,1007.02,1008.2,2632458597
2018-09-10,1008.23,1011.92,1008.23,1009.02,2436066650
2018-09-11,1008.96,1010.21,1005.84,1009.5,2574233076
2018-09-12,1009.51,1011.46,1008.05,1010.78,2954972090
2018-09-13,1010.94,1013.46,1010.84,1011.26,2900885569
2018-09-14,1011.27,1013.2,1009.74,1011.81,2809162506
2018-09-17,1011.82,1012.3,1008.53,1008.75,2604398808
2018-09-18,1008.77,1012.33,1008.77,1011.41,2734297186
2018-09-19,1011.45,1014.53,1011.07,1011.17,2889094234
2018-09-20,1011.2,1016.62,1011.2,1016.59,3032198556
2018-09-21,1016.65,1018.49,1016,1016.23,4698193045
2018-09-24,1016.23,1016.23,1010.44,1011.32,2984782132
2018-09-25,1011.33,1012.78,1010.66,1010.7,2915080275
2018-09-26,1010.72,1011.63,1006.41,1006.51,2935008243
2018-09-27,1006.51,1008.68,1005.92,1006.44,2709310160
2018-09-28,1006.41,1008.51,1004.85,1006.9,2967347997
2018-10-01,1006.9,1009.93,1003.38,1004.28,2925844430
2018-10-02,1004.28,1005.39,1000.76,1000.85,3015624392
2018-10-03,1000.96,1005.61,1000.96,1002.76,3228312361
2018-10-04,1002.65,1002.65,991.29,992.68,3148441071
2018-10-05,992.64,993.63,984.79,987.97,3002942683
2018-10-08,987.94,988.37,983.86,987.64,2990279917
2018-10-09,987.63,988.81,985.07,985.15,3160811335
2018-10-10,985.12,985.12,966.21,966.21,3715303762
2018-10-11,965.88,966.04,953.14,953.15,3702506795
2018-10-12,953.39,960.73,950.04,955.06,3446666446
2018-10-15,955.06,959.17,953.12,955.82,2902759923
2018-10-16,955.88,968.6,955.88,968.35,3094922582
2018-10-17,968.33,968.33,960.21,964.4,2962184675
2018-10-18,964.29,964.29,952.12,953.08,3183063167
2018-10-19,953.09,957.67,949.81,950.92,3146217724
2018-10-22,951.18,953.24,947.81,948.19,2936122867
2018-10-23,948.11,948.11,932.33,940.94,3822756510
2018-10-24,940.94,941.34,921.79,921.92,3930487036
2018-10-25,921.96,931.9,921.96,929.53,4045831960
2018-10-26,929.3,929.3,914.75,921.75,4022872324
2018-10-29,928.78,929.5,912.52,916.88,4681623529
2018-10-30,920.79,925.55,918.63,925.35,5159894417
2018-10-31,931.71,933.58,929.92,930.07,5157039563
2018-11-01,935.9,942.34,935.9,942.06,4187033116
2018-11-02,944.45,944.45,937.74,941.22,3728662179
2018-11-05,941.25,945.11,940.77,944.34,3188400331
2018-11-06,944.31,946.53,943.61,945.91,3107225170
2018-11-07,945.91,955.06,945.91,954.98,3490320273
2018-11-08,954.76,954.76,949.2,950.57,3217605346
2018-11-09,950.38,950.38,939.06,942.28,3593262297
2018-11-12,942.28,942.28,931.36,931.57,3210604248
2018-11-13,931.57,936.3,928.31,929.02,3510493347
2018-11-14,929.03,934.76,923.04,926.22,3823705192
2018-11-15,926.11,929.82,920.63,929.3,3636330116
2018-11-16,929.28,930.2,925.68,929.47,3552951536
2018-11-19,929.47,929.59,919.72,920.72,3322731038
2018-11-20,920.43,920.43,904.58,905.87,3698825249
2018-11-21,905.95,917.38,905.95,914.17,2888230429
2018-11-23,914.13,914.13,909.41,910.95,1516981134
2018-11-26,910.95,918.32,910.95,914.91,3036010893
2018-11-27,914.9,914.9,910.5,911.69,3085474557
2018-11-28,911.72,922.83,909.64,922.78,3518914065
2018-11-29,922.78,924.24,918.39,921.26,3147214284
2018-11-30,921.24,921.48,918,920.98,3862363863
2018-12-03,921.12,930.4,921.12,928.8,3719466431
2018-12-04,928.81,928.81,907.39,907.58,3845531518
2018-12-06,907.39,907.39,889.3,902.05,4292763208
2018-12-07,902.09,906.69,892.09,893.6,3602669631
2018-12-10,893.6,893.61,880.66,886.39,3622243151
2018-12-11,886.4,894.26,883.25,885.21,3445210415
2018-12-12,885.43,895.82,885.43,889.82,3561554289
2018-12-13,889.85,891.34,883.33,884.35,3401223420
2018-12-14,884.33,884.33,873.78,874.88,3578038209
2018-12-17,874.86,874.86,857.5,859.24,4017294505
2018-12-18,859.26,864.92,855.28,856.45,3996457963
2018-12-19,856.48,863.23,846.51,847.71,4142806574
2018-12-20,847.72,847.72,829.58,834.68,4811543112
2018-12-21,834.68,838.58,822.08,822.73,6225000059
2018-12-24,822.54,822.54,810.74,810.74,2392923208
2018-12-26,810.74,832.66,809.61,832.6,3764339366
2018-12-27,832.5,832.5,817.55,832.36,3507628607
2018-12-28,832.38,841.74,831.87,836.47,3337003539
2018-12-31,836.5,840.41,834.21,840.28,3143992932
2019-01-02,840.27,848.77,832.39,848.33,3329216145
2019-01-03,848.2,848.2,839.25,842.79,3321925056
2019-01-04,842.81,863.85,842.81,863.61,3675212703
2019-01-07,863.63,876.48,863.63,874,3572253045
2019-01-08,874.06,881.79,874.06,881.78,3637005031
2019-01-09,881.78,889.37,881.78,888.44,3634079564
2019-01-10,888.28,890.3,883.47,890.3,3328025887
2019-01-11,890.19,890.93,887.06,890.78,3066889125
2019-01-14,890.8,890.8,885.86,886.69,3200070273
2019-01-15,886.7,890.08,886.7,890.08,3211521732
2019-01-16,890.08,894.3,890.08,893.32,3412266837
2019-01-17,893.32,898.48,891.34,897.18,3240379026
2019-01-18,897.28,905.13,897.28,904.39,3459596641
2019-01-22,904.26,904.26,891.48,893.29,3329294643
2019-01-23,893.29,896.89,889.38,892.47,2933669615
2019-01-24,892.49,896.67,892.32,896.41,3040677829
2019-01-25,896.74,904.61,896.74,903.98,3373381814
2019-01-28,903.91,903.91,897.41,901.16,3219496823
2019-01-29,901.16,903.14,900.99,901.88,3149864496
2019-01-30,901.88,910.56,901.82,909.44,3509591042
2019-01-31,909.44,914.71,909.38,914.37,4260893990
2019-02-01,914.38,915.87,913.7,915.69,3409757244
2019-02-04,915.69,920.08,914.44,920.08,3011791144
2019-02-05,920.09,922.9,920.07,922.61,3203711839
2019-02-06,922.61,922.61,919.59,920.17,3152426231
2019-02-07,920.17,920.17,908.69,912.62,3681863863
2019-02-08,912.57,912.57,907.29,911.69,3274171307
2019-02-11,911.68,914.66,911.49,914.49,2982738974
2019-02-12,914.62,922.07,914.62,921.37,3454082784
2019-02-13,921.37,925.39,921.37,924.54,3265264382
2019-02-14,924.53,926.78,921.49,924.76,3383238898
2019-02-15,924.78,931.62,924.78,931.47,3225612818
2019-02-19,931.46,936.05,930.54,935.09,3178506910
2019-02-20,935.12,938.57,935.12,937.65,3411707235
2019-02-21,937.64,937.64,933,934.46,3204839469
2019-02-22,934.47,940.09,934.47,939.8,3063760681
2019-02-25,940.28,943.87,940.28,940.43,3324691544
2019-02-26,940.42,941,938.95,939,3258020106
2019-02-27,938.99,938.99,935.68,938.06,3356006764
2019-02-28,938.08,938.08,934.84,935.64,3091891130
2019-03-01,935.67,940.16,935.27,938.41,3559107395
2019-03-04,938.44,940.48,931.58,935.87,3440700736
2019-03-05,935.87,936.14,933.55,934.68,3196922457
2019-03-06,934.69,934.72,926.44,926.58,3354868069
2019-03-07,926.58,926.58,919.83,920.42,3422011041
2019-03-08,920.33,920.33,914.73,917.48,3074761868
2019-03-11,917.5,926.42,917.5,926.42,3171525226
2019-03-12,926.51,929.01,926.51,928.02,3077945182
2019-03-13,928.02,932.25,928.02,931.14,3353476494
2019-03-14,931.14,931.14,928.15,928.53,3119615788
2019-03-15,928.53,932.27,928.53,930.26,4873102002
2019-03-18,930.35,934.47,930.35,934.32,3143449032
2019-03-19,934.45,937.02,931.73,932.52,3238895263
2019-03-20,932.52,935.27,926.74,930.94,3330458860
2019-03-21,930.93,937.05,929.49,936.28,3205893373
2019-03-22,936.13,936.13,919.82,919.89,3805171246
2019-03-25,919.89,922.44,915.96,920.09,2955358025
2019-03-26,920.09,926.86,920.09,924.73,2942177743
2019-03-27,924.7,926,919.36,923.17,3023833929
2019-03-28,923.12,925.71,921.15,925.41,2847253061
2019-03-29,925.41,929.91,925.41,927.65,3201545320
2019-04-01,927.87,936.04,927.87,935.96,3147093374
2019-04-02,935.95,936.06,932.1,934.3,2923344430
2019-04-03,934.34,938.49,934.34,935.81,3194003535
2019-04-04,935.81,939.18,935.8,939.18,2767773046
2019-04-05,939.27,944.15,939.27,944.11,2795448441
2019-04-08,944.11,944.83,942.7,944.77,2745369414
2019-04-09,944.77,944.77,938.52,938.8,2728981113
2019-04-10,938.87,944.36,938.87,944.05,2779881924
2019-04-11,944.05,945.3,942.87,943.83,2655780152
2019-04-12,943.83,948.18,943.83,946.97,3276716082
2019-04-15,947.01,947.75,944.6,945.39,2773277575
2019-04-16,945.4,947.03,944.82,945.5,3056505469
2019-04-17,945.5,947.68,941.79,942.75,3191559911
2019-04-18,942.79,943.82,940.53,942.67,3145301458
2019-04-22,942.64,942.74,940.49,941.95,2685020718
2019-04-23,941.99,947.84,941.74,947.3,3196728180
2019-04-24,947.28,948.03,945.36,945.91,3055251971
2019-04-25,945.91,945.91,938.91,940.72,3078364263
2019-04-26,940.71,944.42,940.06,944.36,2933197171
2019-04-29,944.4,947.56,944.4,946.11,2766150007
2019-04-30,946.13,946.62,941.59,945.71,3460050461
2019-05-01,945.71,946.75,940.88,940.93,3205618668
2019-05-02,940.93,941.55,935.85,939.13,3329166519
2019-05-03,939.14,948.15,939.14,948.04,3005300499
2019-05-06,948.04,948.04,939.18,945.68,2816692170
2019-05-07,945.58,945.58,932.02,934.84,3210608780
2019-05-08,934.84,936.62,933.25,933.27,2902606474
2019-05-09,933.08,933.08,923.33,929.55,3088227423
2019-05-10,929.55,932.24,922.91,931.56,3050776705
2019-05-13,931.26,931.26,913.22,914.34,3318613722
2019-05-14,914.34,922.71,914.34,921.24,2864264079
2019-05-15,921.23,924.1,917.31,923.42,2681319266
2019-05-16,923.42,929.38,923.42,926.48,2885814981
2019-05-17,926.47,926.47,919.19,919.35,2861372088
2019-05-20,919.34,919.34,913.91,914.7,2793877102
2019-05-21,914.75,922.07,914.75,921.85,2750150450
2019-05-22,921.85,921.85,916.05,916.55,2790163580
2019-05-23,916.4,916.4,903.45,905.97,3398691057
2019-05-24,906,910.15,906,908.91,2498393873
2019-05-28,908.91,911.05,904.47,904.51,3470988188
2019-05-29,904.46,904.46,895.88,898.43,3166768530
2019-05-30,898.43,901.57,895.65,897.27,2852997431
2019-05-31,897.15,897.15,889.2,889.92,3427556639
2019-06-03,889.92,894.78,889.92,893.39,3294990470
2019-06-04,893.4,905.49,893.4,905.48,3217319489
2019-06-05,905.56,907.73,900.85,903.88,3080437737
2019-06-06,903.88,904.53,899.69,903.53,2958536053
2019-06-07,903.59,909.79,903.59,908.55,2852354400
2019-06-10,908.57,914.23,908.57,911.14,2818440455
2019-06-11,911.26,915.92,910.23,911.29,2821671375
2019-06-12,911.24,911.24,908.26,908.59,2683706979
2019-06-13,908.65,913.41,908.65,913.4,2693736914
2019-06-14,913.45,913.45,908.85,909.13,2633859456
2019-06-17,909.12,911.56,908.97,910.27,2455971201
2019-06-18,910.27,919.64,910.27,916.83,2948853766
2019-06-19,916.85,919.54,916.1,918.97,2876111905
2019-06-20,919.26,926.23,919.26,924.79,3448964982
2019-06-21,924.78,924.78,921.04,921.74,4035654063
2019-06-24,921.74,922.65,917.78,917.79,2706656368
2019-06-25,917.79,918.02,913.59,913.59,3115303452
2019-06-26,913.59,916.4,913.59,914.03,3003494046
2019-06-27,914.03,919.5,914.03,919.49,2706249214
2019-06-28,919.49,925.77,919.49,925.59,4006349531
2019-07-01,925.6,932.88,925.6,927.86,3033769726
2019-07-02,927.87,928.56,925.01,926.93,2801539967
2019-07-03,926.93,931.29,926.93,931.29,1756474207
2019-07-05,931.27,932.2,926.19,932.14,2119930388
2019-07-08,932.12,932.36,928.67,929.21,2561896054
2019-07-09,929.16,929.16,925.69,928.22,2592990543
2019-07-10,928.33,931.89,928.33,930.61,2822309438
2019-07-11,930.62,931.94,927.66,929.42,2814532471
2019-07-12,929.42,933.45,929.42,932.62,2647660427
2019-07-15,932.62,933.76,930.29,931.06,2529549245
2019-07-16,931.04,933.18,929.8,930.62,2893591242
2019-07-17,930.63,930.67,925.99,926,2867963740
2019-07-18,925.98,925.98,922.7,925.4,2940180662
2019-07-19,925.4,927.23,923.66,923.71,2869898068
2019-07-22,923.73,925.98,922.52,922.99,2619689976
2019-07-23,922.99,926.9,922.99,926.89,2889375934
2019-07-24,926.89,932.84,926.39,932.6,3025614049
2019-07-25,932.62,932.63,925.86,926.16,3181324833
2019-07-26,926.15,930.29,926.15,929.52,2871221238
2019-07-29,929.52,930.1,926,927.36,2804049760
2019-07-30,927.36,930.2,923.21,930.15,3207325989
2019-07-31,930.22,933.2,923.96,926.53,4009726468
2019-08-01,926.53,928.11,915.66,916.63,4233128148
2019-08-02,916.63,916.64,908.36,911.69,3310028370
2019-08-05,911.68,911.68,889.27,892.83,3949166390
2019-08-06,892.84,897.86,891.86,897.08,3565161291
2019-08-07,897.07,897.07,888.14,895.82,3899074805
2019-08-08,895.82,905.59,895.82,905.51,3493573883
2019-08-09,905.53,905.53,898.14,899.32,2915552473
2019-08-12,899.25,899.25,889.01,889.83,2410224742
2019-08-13,889.83,898.78,888.17,894.8,3186667723
2019-08-14,894.79,894.79,876.13,876.36,3705621246
2019-08-15,876.36,877.39,872.16,874.41,3538754938
2019-08-16,874.42,885.58,874.42,885.17,3001610525
2019-08-19,885.2,892.52,885.2,891.21,2786931363
2019-08-20,891.2,891.2,888.37,888.42,2625178346
2019-08-21,888.43,893.65,888.43,893.23,2260223741
2019-08-22,893.27,895.64,890.8,892.15,2518618725
2019-08-23,892.14,892.14,876.8,877.56,3284804062
2019-08-26,877.59,882.32,877.59,881.21,2520570025
2019-08-27,881.26,884.26,875.82,876.21,3078606673
2019-08-28,876.2,882.84,874.78,881.72,2708441139
2019-08-29,881.98,889.75,881.98,889.03,2821589935
2019-08-30,889.05,892.67,888.07,889.94,2626133831
2019-09-03,889.9,889.9,881.83,883.8,2995435554
2019-09-04,883.81,892.09,883.81,891.97,2796861172
2019-09-05,891.97,901.72,891.97,900.17,3453825486
2019-09-06,900.18,903.41,899.56,901.47,2843972298
2019-09-09,901.5,907.52,901.5,907.52,3523902666
2019-09-10,907.52,913.3,906.47,913.24,3874338063
2019-09-11,913.24,921.1,912.08,921.1,3489889579
2019-09-12,921.11,922.07,917.28,920.5,3306605365
2019-09-13,920.51,924.64,919.98,920.06,3102045942
2019-09-16,920.1,924.26,920.08,923.07,3820843966
2019-09-17,923.06,923.06,918.56,921.36,3205952677
2019-09-18,921.35,921.35,914.88,918.57,3006790997
2019-09-19,918.57,921.49,917.43,917.78,2888385280
2019-09-20,917.82,920.53,916.24,917.34,4712609372
2019-09-23,917.34,919.03,914.88,918,2714307129
2019-09-24,918,918.73,909.44,910.25,3315404579
2019-09-25,910.24,913.99,908.16,913.39,2863555601
2019-09-26,913.39,913.43,908.48,910.05,2720547075
2019-09-27,910.05,911.93,905.15,907.13,2804964054
2019-09-30,907.14,909.19,906.5,907.98,2798085353
2019-10-01,907.98,911.24,898.39,898.68,3130997081
2019-10-02,898.64,898.64,887.22,889.38,3382163570
2019-10-03,889.4,892.23,883.77,892.22,3029192119
2019-10-04,892.22,897.62,891.91,897.62,2651749849
2019-10-07,897.6,899.06,894.83,895.72,2499620566
2019-10-08,895.71,895.71,887.2,887.2,2768607851
2019-10-09,887.22,891.54,887.22,889.92,2363454946
2019-10-10,889.92,893.36,889.88,891.85,2719882403
2019-10-11,891.86,904.56,891.86,901.03,2925439888
2019-10-14,901.03,901.03,896.87,899.24,2200237831
2019-10-15,899.29,905.19,899.23,903.09,2855459052
2019-10-16,903.09,904.22,901.89,902.61,2781172453
2019-10-17,902.62,906.99,902.62,906.04,2707011710
2019-10-18,906.04,906.38,902.06,904.26,2763762357
2019-10-21,904.28,909.14,904.28,908.06,2853744848
2019-10-22,908.06,911.65,907.32,909.53,3090384606
2019-10-23,909.52,912.35,908.14,912.35,2996768667
2019-10-24,912.35,913.97,909.12,911,3187205374
2019-10-25,911,913.82,910.02,913.11,2986611777
2019-10-28,915.36,915.97,914.58,914.58,3572327757
2019-10-29,914.71,915.92,914.53,914.66,3655864182
2019-10-30,910.74,913.46,910.12,913.46,3844542438
2019-10-31,907.87,908.92,906.84,908.87,4207519050
2019-11-01,915.07,917.28,914.93,917.28,3487929887
2019-11-04,917.3,922.72,917.3,922.14,3685085957
2019-11-05,922.16,925.08,921.11,921.69,3924394466
2019-11-06,921.69,921.74,917.86,918.23,3936786631
2019-11-07,918.24,922.71,917.91,918.38,3637119829
2019-11-08,918.37,918.37,915.34,917.74,3142846473
2019-11-11,917.74,917.74,914.14,915.77,2581235663
2019-11-12,915.77,917.63,914.13,914.44,3112932504
2019-11-13,914.44,914.44,910.83,911.5,3046114965
2019-11-14,911.5,912.36,910.06,910.59,2878800844
2019-11-15,910.59,914.37,910.59,914.16,2938105401
2019-11-18,914.17,914.17,910.64,911.01,2998397490
2019-11-19,911,911.77,908.37,909.33,3170211204
2019-11-20,909.32,909.5,904.34,906.28,3479536683
2019-11-21,906.28,906.93,903.66,904.57,3209335743
2019-11-22,904.57,906.94,904.45,906.67,2897774059
2019-11-25,906.71,914.33,906.71,913.98,3024959962
2019-11-26,914,915.07,913.16,913.91,3820222523
2019-11-27,913.91,916.41,913.88,916.4,2638831298
2019-11-29,916.39,916.39,913.8,913.8,1567118380
2019-12-02,913.79,914.45,907.5,907.71,2779044237
2019-12-03,907.32,907.32,900.22,903.53,3047441409
2019-12-04,903.54,909.51,903.54,908.13,3219568118
2019-12-05,908.15,909.95,907.28,907.95,2863778675
2019-12-06,907.97,915.15,907.97,914.6,3043812013
2019-12-09,914.6,916.02,914.15,914.26,2757037121
2019-12-10,914.26,915.51,913.4,914.27,2883317147
2019-12-11,914.27,916.05,913.99,916.05,2840604305
2019-12-12,916.05,921.87,915.55,921.09,3430011914
2019-12-13,921.09,922.97,918.33,920.23,3236161356
2019-12-16,920.25,926.06,920.25,924.16,3408628619
2019-12-17,924.16,926.26,924.16,926.16,3256597838
2019-12-18,926.17,929.01,926.17,928.7,3404220850
2019-12-19,928.7,931.15,928.68,931.13,3206512039
2019-12-20,931.15,933.71,931.15,932.88,5046906443
2019-12-23,932.87,934.5,932.43,934.43,2619883712
2019-12-24,934.43,935.97,934.43,935.76,1181650197
2019-12-26,935.77,938.17,935.77,937.77,1908703690
2019-12-27,937.77,938.91,935.27,935.91,2158983348
2019-12-30,935.92,936.17,933.54,933.81,2707530617
2019-12-31,933.8,936.71,932.75,936.65,2531799422
2020-01-02,936.68,940.43,936.07,939.27,3058951264
2020-01-03,939.26,939.26,935.43,937.73,2964759289
2020-01-06,937.72,939.42,935.22,939.15,3151434925
2020-01-07,939.15,939.15,936.84,937.84,2885488678
2020-01-08,937.84,939.27,936.64,937.42,3232646154
2020-01-09,937.42,938.96,937.1,938.12,3124409270
2020-01-10,938.11,938.64,935.54,936.11,2812593048
2020-01-13,936.1,940.1,935.12,940.1,3021906020
2020-01-14,940.09,943.4,938.97,941.74,3140840812
2020-01-15,941.74,944.68,941.35,943.13,3308958965
2020-01-16,943.14,948.61,943.14,948.61,3143578124
2020-01-17,948.62,950.43,948.01,948.74,3227369218
2020-01-21,948.75,948.75,943.61,943.83,3561071721
2020-01-22,943.86,945.95,942.89,943.29,3210181768
2020-01-23,943.29,943.29,936.7,941.93,3334556011
2020-01-24,941.94,942.86,932.02,934.46,3340757767
2020-01-27,934.45,934.45,922.88,923.2,3367082773
2020-01-28,923.2,929.1,923.2,928.31,3086577878
2020-01-29,928.39,930.93,926.86,926.86,3189381862
2020-01-30,926.81,926.81,919.38,924.9,3360252316
2020-01-31,924.87,924.87,912.22,913.3,3819432002
2020-02-03,913.33,919.4,913.33,916.68,3268308696
2020-02-04,916.84,926.15,916.84,924.53,3495818360
2020-02-05,924.59,933.77,924.59,933.72,3629908976
2020-02-06,933.72,935.48,931.87,932,3409192283
2020-02-07,931.95,931.95,925.28,925.74,3281956941
2020-02-10,925.7,926.84,924.18,926.82,3058990995
2020-02-11,926.82,933.12,926.82,931.44,3360420532
2020-02-12,931.45,936.15,931.45,935.61,3554784724
2020-02-13,935.61,935.61,932.19,933.86,3090429451
2020-02-14,933.81,934.83,931.87,933.57,3010972849
2020-02-18,933.57,933.57,929.61,931.65,3259415885
2020-02-19,931.66,935.35,931.66,934.02,3179012660
2020-02-20,934.02,936.83,931.23,935.22,3583142005
2020-02-21,935.21,935.23,928.58,929.27,3424216214
2020-02-24,929.26,929.26,906.57,907.69,4318232282
2020-02-25,907.7,910.01,884.96,885.45,4608443239
2020-02-26,885.46,891.43,878.22,878.23,4813035517
2020-02-27,878.2,878.2,851.94,854.17,5731907073
2020-02-28,853.99,853.99,830.71,841.96,6889500101
2020-03-02,841.99,858.17,837.93,858.13,5240834228
2020-03-03,858.13,866.82,844.25,848.42,5077241830
2020-03-04,848.48,864.57,848.48,864.57,4357442712
2020-03-05,864.57,864.57,838.97,842.41,4805626621
2020-03-06,842.33,842.33,817.01,825.02,5379579980
2020-03-09,824.97,824.97,780.04,780.04,5997552870
2020-03-10,780.05,799.11,774.83,797.82,6511287061
2020-03-11,797.81,797.81,753.35,758.01,6161592587
2020-03-12,757.93,757.93,678.89,679.03,7880617309
2020-03-13,679.05,715.35,679.05,715.35,6875508694
2020-03-16,714.78,714.78,638.45,638.52,7072431269
2020-03-17,638.51,652.64,626.52,644.98,6997059111
2020-03-18,644.63,644.63,546.28,561.67,7932468595
2020-03-19,561.66,600.06,547.75,596.64,7614238045
2020-03-20,596.79,621.73,589.85,590.42,8427929326
2020-03-23,590.42,590.42,556.67,565.74,6810502655
2020-03-24,566.02,608.48,566.02,607.69,7072009191
2020-03-25,607.77,652.18,607.77,637.81,7598656961
2020-03-26,637.82,674.02,637.82,671.51,7067844377
2020-03-27,671.32,671.32,647.17,652.08,5776078328
2020-03-30,652.08,652.69,641.75,652.23,5280422256
2020-03-31,652.23,658.07,646.98,650.18,5995480614
2020-04-01,650.16,650.16,613.72,616.65,5372870597
2020-04-02,616.64,630.18,613.21,620.7,5927253525
2020-04-03,620.7,620.77,600.74,606.36,5353597941
2020-04-06,606.56,639.84,606.56,639.37,5678679431
2020-04-07,639.39,667.54,639.39,651.17,6243202575
2020-04-08,651.17,677.05,651.17,675.88,5256198539
2020-04-09,675.89,706.91,675.89,700.72,7141854145
2020-04-13,700.73,703.04,683.79,690.91,4778169951
2020-04-14,690.95,707.15,690.95,701.89,5041618340
2020-04-15,701.8,701.8,678.12,682.92,4623340652
2020-04-16,682.92,684.56,672.71,675.89,4652515159
2020-04-17,675.96,695.78,675.96,695.37,5234463929
2020-04-20,695.35,695.35,682.75,684.85,4761375878
2020-04-21,684.84,684.84,669.32,672.9,4616656236
2020-04-22,672.9,682.86,672.9,680.81,4618727229
2020-04-23,681.26,693.68,681.26,687.34,5252435063
2020-04-24,687.34,692.1,683.59,690.28,4745589724
2020-04-27,690.28,706.7,690.28,705.39,4670314466
2020-04-28,705.42,718.88,705.42,715.79,5034021607
2020-04-29,715.79,742.71,715.79,741.4,10027264587
2020-04-30,741.37,741.37,727.76,729.49,5801437543
2020-05-01,729.3,729.3,707.81,710.86,4321919462
2020-05-04,710.85,710.85,700.95,709.73,4161402971
2020-05-05,709.75,721.77,709.75,710.4,4557693145
2020-05-06,710.4,714.31,702.69,702.75,4274954020
2020-05-07,702.76,714.87,702.76,710.76,4562810795
2020-05-08,710.77,726.39,710.77,726.39,4329500070
2020-05-11,726.38,726.38,716.07,720.28,4272036628
2020-05-12,720.29,723.87,708.08,708.08,4511514624
2020-05-13,708.09,708.09,685.5,688.94,5489939653
2020-05-14,688.95,691.33,669.42,691.33,4975036762
2020-05-15,691.32,695.55,686.75,694.53,4904836739
2020-05-18,694.56,724.18,694.56,723.03,5697480076
2020-05-19,723.06,725.98,716.94,717.93,4454474679
2020-05-20,717.95,731.23,717.95,729.85,4429475719
2020-05-21,729.9,732.58,726.12,730.94,4398915076
2020-05-22,730.94,731.32,725.32,731.24,3530501950
2020-05-26,731.43,752.14,731.43,749.52,5211568101
2020-05-27,749.59,763.65,749.19,763.65,5660298047
2020-05-28,763.65,767.5,756.68,757.73,4728086650
2020-05-29,757.73,757.73,748.52,754.67,5595633436
2020-06-01,754.77,765.95,754.77,763.7,4155443642
2020-06-02,763.7,772.76,763.7,771.69,4556468477
2020-06-03,771.72,789.64,771.72,788.67,5421812856
2020-06-04,788.67,794.36,784.45,793.74,5691402869
2020-06-05,793.75,822.36,793.75,818.69,7616897998
2020-06-08,818.82,841.32,818.82,841.32,7554066218
2020-06-09,841.19,841.19,822.51,826.01,5615398923
2020-06-10,825.83,825.83,807.39,811.32,5872373934
2020-06-11,811.1,811.1,763.66,764.32,5819587531
2020-06-12,764.62,786.7,764.62,777.74,5060743209
2020-06-15,777.74,785.81,760.18,783.61,4425111970
2020-06-16,783.72,803.18,783.72,795.52,4404404715
2020-06-17,795.52,797,789.09,789.43,3644206849
2020-06-18,789.43,791.91,784.69,787.47,3682386055
2020-06-19,787.47,794.07,781.56,783.14,6428966456
2020-06-22,783.13,784.3,778.35,784.26,3996090845
2020-06-23,784.27,790.77,784.27,786.51,4074118800
2020-06-24,786.5,786.5,761.96,766.83,4678603904
2020-06-25,766.83,771.75,762.47,771.71,3791603215
2020-06-26,771.71,771.71,757.36,759.39,6352232186
2020-06-29,759.39,771.97,759.39,771.09,3762229117
2020-06-30,771.07,776.62,768.48,775.68,3971657767
2020-07-01,775.68,781.38,773.49,774.84,3606444503
2020-07-02,774.85,786.57,774.85,778.59,3576311590
2020-07-06,778.8,790.56,778.8,785.92,4057310716
2020-07-07,785.92,785.92,775.38,775.55,4005782431
2020-07-08,775.59,780.21,772.83,778.56,4344484646
2020-07-09,778.61,779.12,765.39,768.62,3926471995
2020-07-10,768.63,778.34,768.02,778.33,3778384804
2020-07-13,778.34,785.02,772.27,772.32,4095507470
2020-07-14,772.2,778.16,769.27,778.15,3348062866
2020-07-15,778.16,794.7,778.16,793.49,3862758096
2020-07-16,793.48,794.23,788.83,792.09,3413214286
2020-07-17,792.09,795.88,791.33,793.53,3487122533
2020-07-20,793.53,794.58,790.1,791.4,3338089531
2020-07-21,791.4,802.85,791.4,801.18,3947071889
2020-07-22,801.18,803.61,799.21,803.51,3708760303
2020-07-23,803.51,806.78,799.31,801.99,3804395594
2020-07-24,801.99,801.99,797.02,797.6,3167789861
2020-07-27,797.61,801.87,796.9,801.86,3420884966
2020-07-28,801.86,804.33,800.92,801.1,3465797953
2020-07-29,801.1,811.63,801.1,811.62,3915926532
2020-07-30,811.61,811.61,800.23,805.46,3530238763
2020-07-31,805.5,805.58,794.98,800.6,4141749583
2020-08-03,800.65,806.84,800.31,806.35,3840736567
2020-08-04,806.36,810.84,805.69,810.84,3822090635
2020-08-05,810.85,818.11,810.85,817.98,3928129942
2020-08-06,817.99,819.08,816.23,817.79,3712744172
2020-08-07,817.79,821.74,815.01,821.74,3595167964
2020-08-10,821.75,830.55,821.75,830.01,3792522552
2020-08-11,830.01,837.41,828.33,829.08,4156289863
2020-08-12,829.11,835.11,829.11,832.82,3315712517
2020-08-13,832.81,834.49,830.13,831.32,3007218659
2020-08-14,831.2,835.08,829.6,833.48,2784328022
2020-08-17,833.52,835.04,832.77,834.44,3012563497
2020-08-18,834.45,834.87,830.37,830.88,3243872873
2020-08-19,830.88,832.99,828.37,828.7,3240566027
2020-08-20,828.7,828.7,823.61,825.88,3026253270
2020-08-21,825.84,825.84,820.3,821.8,2973986523
2020-08-24,821.81,830.62,821.81,830.61,3250252822
2020-08-25,830.63,832.98,827.29,831.3,3137507675
2020-08-26,831.3,831.77,828.31,828.83,3329545393
2020-08-27,828.85,833.1,827.63,830.11,3140152575
2020-08-28,830.22,838,830.22,838,3349383446
2020-08-31,838.01,838.01,830.48,830.5,3790391309
2020-09-01,830.5,834.6,828.75,834.6,3396153915
2020-09-02,834.64,840.97,833.55,840.41,3530810592
2020-09-03,840.38,841.92,825.47,827.34,3792249594
2020-09-04,827.34,832.38,816.94,826.02,3350684058
2020-09-08,826,826,814.55,814.67,3603014939
2020-09-09,814.69,824.2,814.69,822.15,3129573147
2020-09-10,822.15,825.65,815.29,815.33,3452265013
2020-09-11,815.34,817.97,811.13,814.8,3010661945
2020-09-14,814.81,825.71,814.81,825.13,3318369541
2020-09-15,825.14,830.08,825.14,827.08,3541084218
2020-09-16,827.09,837.43,827.09,831.85,4127578682
2020-09-17,831.83,831.83,824.16,829.71,3698863728
2020-09-18,829.71,831.71,823.18,825.77,4940636275
2020-09-21,825.75,825.75,804.16,808.25,3937868126
2020-09-22,808.26,812.11,805.86,809.29,3350617988
2020-09-23,809.29,812.12,792.35,792.39,3811873809
2020-09-24,792.39,797.51,784.34,791.82,3718005748
2020-09-25,791.82,798.63,789.72,797.63,3110244572
2020-09-28,797.67,811.41,797.67,809.53,3401399421
2020-09-29,809.53,810.18,803.34,806.76,3199608815
2020-09-30,806.77,812.99,805.32,807.45,4091414605
2020-10-01,807.46,812.38,807.46,812.35,3428093091
2020-10-02,812.34,817.05,803.98,816.17,3272794202
2020-10-05,816.18,825.51,816.18,825.33,3180982769
2020-10-06,825.33,832.33,820.83,820.96,3932812465
2020-10-07,820.97,829.86,820.97,829.13,3289469738
2020-10-08,829.14,838.31,829.14,838.28,3432966420
2020-10-09,838.28,842.62,838.26,840.08,3465251082
2020-10-12,840.08,844.63,840.08,843.96,2995492124
2020-10-13,843.96,843.96,836.88,838,3093662526
2020-10-14,838,840.95,835.62,835.7,3448240958
2020-10-15,835.66,837.2,828.87,836.97,3249434681
2020-10-16,836.97,839.26,835.56,835.56,4104709354
2020-10-19,835.61,839.36,829.4,829.85,3447403319
2020-10-20,829.85,837.21,829.85,834.43,3355009558
2020-10-21,834.43,835.76,830.64,830.69,3527139133
2020-10-22,830.7,837.36,829.61,837.04,3514474036
2020-10-23,837.03,839.99,836.22,839.55,3173987658
2020-10-26,826.07,826.11,821.16,825.27,4084698388
2020-10-27,822.02,822.4,818.77,818.77,4027994820
2020-10-28,802.35,805.47,799.26,799.26,7013435864
2020-10-29,802.42,805.95,800.01,804.82,5002510931
2020-10-30,797.49,799.3,795.41,798.89,4925035612
2020-11-02,798.92,809.07,798.92,808.87,3732682846
2020-11-03,808.88,822.96,808.88,821.31,3666656723
2020-11-04,821.32,827.33,816.87,821.96,3844022524
2020-11-05,822,836.75,822,835.89,4109477663
2020-11-06,835.9,837.2,832.97,833.33,4076246221
2020-11-09,833.54,866.26,833.54,859.31,6325468844
2020-11-10,859.31,867.07,859.05,866.18,4577173972
2020-11-11,866.25,867.95,863.56,866.1,3816757671
2020-11-12,866.09,866.09,853.99,856.41,4147172248
2020-11-13,856.42,869.83,856.42,869.08,3969156224
2020-11-16,869.1,884.17,869.1,884.16,4390303591
2020-11-17,884.16,888.31,878.02,886.98,4159047677
2020-11-18,886.99,893.48,884.3,884.33,4620919337
2020-11-19,884.26,889.56,882.06,889.53,3730779220
2020-11-20,889.53,891.28,888.22,890.61,3671030622
2020-11-23,890.64,904.99,890.64,903.47,4371000173
2020-11-24,903.57,919.09,903.57,917.52,5431063172
2020-11-25,917.52,917.52,911.53,916.25,4256783230
2020-11-27,916.24,918.67,916.24,918.28,2380841024
2020-11-30,918.28,918.28,907.62,908.1,5208229267
2020-12-01,908.11,917.43,908.11,913.73,4646971523
2020-12-02,913.73,917.29,909.27,916.82,4269269046
2020-12-03,916.82,925.76,916.82,923.27,4371957948
2020-12-04,923.48,937.39,923.48,937.39,4404173813
2020-12-07,937.39,938.7,935.22,936.87,4096323596
2020-12-08,936.86,941.67,935.44,941.63,3729950250
2020-12-09,941.63,947.09,936.38,939.99,4407062939
2020-12-10,939.98,945.41,937.16,945.12,3822910002
2020-12-11,945.09,945.15,938.31,942.19,3711366992
2020-12-14,942.19,949.02,937.49,937.51,3931410594
2020-12-15,937.09,945.65,937.09,945.65,3724732826
2020-12-16,945.83,947.08,943.72,945.58,3492021791
2020-12-17,945.59,951.56,945.59,951.56,3606980614
2020-12-18,951.56,953.37,947.48,948.87,5941958310
2020-12-21,948.85,948.85,937.36,945.59,3816869754
2020-12-22,945.59,950.35,945.59,946.89,3477328196
2020-12-23,946.9,956.92,946.9,955.5,3246208110
2020-12-24,955.53,957.62,954.6,956.7,1670192634
2020-12-28,956.72,963.84,956.72,956.98,3104442726
2020-12-29,956.99,960.09,949.43,951.01,3018300794
2020-12-30,951.01,957.78,951.01,956.27,2737720522
2020-12-31,956.26,957.21,953.23,956.44,2848516342
2021-01-04,956.44,962.27,944.96,948.99,4134772204
2021-01-05,949.03,962.32,949.03,960.14,3875929986
2021-01-06,960.22,980.69,960.22,974.31,5005606841
2021-01-07,974.35,983.51,974.35,982.86,4394653072
2021-01-08,982.88,986.56,977.31,983.64,4015535877
2021-01-11,983.63,983.63,976.44,981.71,3692291104
2021-01-12,981.72,992.63,981.72,992.36,4339583255
2021-01-13,992.36,995.04,990.97,993.15,3949340808
2021-01-14,993.15,1004.73,993.15,1002.2,4542582939
2021-01-15,1002.19,1002.28,989.22,993.51,4351290353
2021-01-19,993.66,1000.38,993.66,999.56,4233013801
2021-01-20,999.56,1004.46,999.56,1004.18,3949397512
2021-01-21,1004.17,1006.01,999.86,1001.29,3880729615
2021-01-22,1001.25,1003.59,996.09,1003.57,4443023356
2021-01-25,1003.57,1009.61,996.81,1002.36,5458999849
2021-01-26,1002.41,1006.65,999.03,999.16,5040084938
2021-01-27,999.47,999.47,979.61,980.72,7398566419
2021-01-28,980.66,988.58,980.66,985.94,5121885101
2021-01-29,986.09,987.01,972.26,974.8,4903213205
2021-02-01,974.95,989.75,974.95,989.12,4298795991
2021-02-02,989.12,999.86,989.07,998.56,4689912158
2021-02-03,998.57,1005.61,998.57,1004.86,4134250130
2021-02-04,1004.86,1013.29,1004.86,1013.29,4126612525
2021-02-05,1013.29,1020.89,1013.29,1020.89,4134533056
2021-02-08,1020.9,1032.38,1020.9,1032.37,3996934098
2021-02-09,1032.35,1035.81,1030.23,1035.21,3886221689
2021-02-10,1035.29,1040.85,1030.88,1035.98,3916199546
2021-02-11,1036.09,1040.04,1030.26,1035.53,3914939069
2021-02-12,1035.53,1039.31,1033.39,1039.31,3491000959
2021-02-16,1039.31,1046.51,1039.31,1041.78,4309648466
2021-02-17,1041.78,1041.78,1032.74,1038.7,4031868355
2021-02-18,1038.57,1038.57,1027.07,1030.3,4079475394
2021-02-19,1030.31,1041.68,1030.31,1039.96,4089910131
2021-02-22,1039.95,1043.79,1036.93,1038.16,4915352700
2021-02-23,1038.15,1038.15,1013.92,1029.56,4957493894
2021-02-24,1029.55,1040.99,1029.55,1039.83,4990567684
2021-02-25,1039.83,1041.7,1014.56,1015.92,5463924517
2021-02-26,1015.92,1018.84,1002.07,1009.93,4932290424
2021-03-01,1009.94,1029.5,1009.94,1027.49,4411429499
2021-03-02,1027.5,1027.54,1019.69,1019.76,4677731918
2021-03-03,1019.75,1023.02,1012.52,1012.57,5196045799
2021-03-04,1012.55,1013.37,982.42,992.99,6000150387
2021-03-05,993,1007.13,975.42,1006.87,5492510668
2021-03-08,1006.87,1014.32,1005.75,1007.16,4833039168
2021-03-09,1007.17,1019.83,1007.17,1016.6,4638068015
2021-03-10,1016.72,1027.42,1016.72,1026.4,4915367006
2021-03-11,1026.41,1040.79,1026.41,1040.79,4578237312
2021-03-12,1040.74,1043.9,1037.14,1043.83,3854847971
2021-03-15,1043.83,1049.37,1042.41,1049.37,4141296368
2021-03-16,1049.36,1049.36,1036.6,1038.99,3896951807
2021-03-17,1038.99,1043.2,1032.28,1042.6,3837141637
2021-03-18,1042.6,1042.6,1024.6,1025.91,4247723301
2021-03-19,1025.91,1031.44,1019.72,1028.37,5839527421
2021-03-22,1028.36,1029.58,1023.25,1024.8,3606019375
2021-03-23,1024.8,1024.8,1002.85,1004.03,3959689062
2021-03-24,1004.05,1011.54,994.48,994.53,4100120861
2021-03-25,994.52,1001.68,982.81,1000.4,4305797913
2021-03-26,1000.42,1011.41,1000.42,1011.35,4567205964
2021-03-29,1011.35,1012.86,1001.37,1002.82,3878649417
2021-03-30,1002.8,1006.93,999.09,1006.22,3497221105
2021-03-31,1006.23,1012.15,1006.23,1008.84,3936314846
2021-04-01,1008.85,1019.82,1008.85,1019.82,3601994364
2021-04-05,1019.86,1025.58,1019.86,1023.46,3421742176
2021-04-06,1023.46,1027.98,1023.45,1026.71,3500415509
2021-04-07,1026.7,1027.64,1022.12,1023.04,3515914366
2021-04-08,1023.05,1027.82,1021.01,1027.81,3269330754
2021-04-09,1027.8,1028.25,1025.6,1028.06,3097685619
2021-04-12,1028.05,1028.69,1023.6,1024.9,3038496224
2021-04-13,1024.9,1024.9,1019.24,1023.08,3099168742
2021-04-14,1023.08,1031.5,1023.08,1026.21,3370671847
2021-04-15,1026.22,1029.96,1024.57,1027.59,3403249878
2021-04-16,1027.59,1030.76,1025.74,1027.8,3421949045
2021-04-19,1027.8,1027.87,1016.36,1018.08,3176771642
2021-04-20,1018.08,1018.08,1002.16,1005.32,3707376073
2021-04-21,1005.32,1017.13,1002.32,1017.13,3242124857
2021-04-22,1017.14,1022.89,1013.62,1015.54,3573709526
2021-04-23,1015.54,1027.04,1015.54,1025.77,2992063168
2021-04-26,1025.77,1032.31,1025.77,1031.95,3035357439
2021-04-27,1031.94,1034.21,1030.77,1032.79,3112468635
2021-04-28,1032.8,1037.27,1032.76,1036.92,3193625407
2021-04-29,1036.93,1041.15,1032.02,1036.6,3636727867
2021-04-30,1036.59,1036.59,1028.1,1028.89,3373236719
2021-05-03,1028.89,1036.93,1028.89,1035.09,3386756193
2021-05-04,1035,1035,1025.09,1031.19,3700946657
2021-05-05,1031.2,1034.88,1030.07,1032.94,3497875250
2021-05-06,1032.93,1033.31,1025.81,1032.48,3832040842
2021-05-07,1032.49,1040.19,1031.63,1040.19,3377067723
2021-05-10,1040.19,1042.64,1031.38,1031.54,3842286848
2021-05-11,1031.5,1031.5,1016.79,1024.93,4094427615
2021-05-12,1024.92,1024.92,1005.86,1006.51,4020686501
2021-05-13,1006.51,1016.52,1003.81,1010.54,4114130388
2021-05-14,1010.55,1024.94,1010.48,1024.48,3422100898
2021-05-17,1024.49,1026.94,1020.51,1026.85,3442867637
2021-05-18,1026.87,1030.63,1026.1,1026.26,3677431907
2021-05-19,1026.26,1026.26,1011.6,1021.15,3581390869
2021-05-20,1021.15,1027.23,1019.94,1026.51,3331151958
2021-05-21,1026.52,1032.53,1026.52,1029.02,3303238450
2021-05-24,1029.02,1034.32,1029.02,1032.83,3113156977
2021-05-25,1032.84,1036.5,1027.31,1027.57,3488566582
2021-05-26,1027.57,1035.48,1027.57,1035.11,3696054085
2021-05-27,1035.12,1041.64,1035.12,1041.02,5329303067
2021-05-28,1041.02,1042.83,1039.66,1042.3,3968485481
2021-06-01,1042.37,1052.53,1042.37,1052.5,4244431083
2021-06-02,1052.53,1055.61,1051.45,1055.6,4916561782
2021-06-03,1055.67,1055.67,1047.4,1052.67,4592443238
2021-06-04,1052.7,1055.4,1051.4,1055.28,3427376069
2021-06-07,1055.32,1060.15,1055.32,1059.78,3694848242
2021-06-08,1059.8,1066.77,1059.27,1066.46,3869799665
2021-06-09,1066.46,1068.4,1065.09,1065.66,3978666548
2021-06-10,1065.66,1070.32,1063.81,1066.31,3682738951
2021-06-11,1066.32,1070.87,1066.32,1070.87,3187689887
2021-06-14,1070.89,1072.41,1065.59,1067.31,3459047985
2021-06-15,1067.32,1067.53,1060.42,1064.51,3362099640
2021-06-16,1064.49,1065.22,1058.06,1061.1,3801410130
2021-06-17,1061.09,1061.4,1046.08,1050.9,4523635075
2021-06-18,1050.89,1050.97,1039.56,1040.13,5636188174
2021-06-21,1040.12,1051.52,1040.12,1051.08,3367151647
2021-06-22,1051.07,1052.9,1046.45,1051.98,3161025822
2021-06-23,1051.99,1057.1,1051.99,1055,3120429477
2021-06-24,1055.01,1062.3,1055.01,1062.15,3159001380
2021-06-25,1062.16,1066.03,1062.15,1063.56,4948520901
2021-06-28,1063.57,1064.25,1056,1059.02,3451582930
2021-06-29,1059.02,1061.04,1056.11,1056.82,3085995982
2021-06-30,1056.81,1059.84,1055.28,1059.46,3460011690
2021-07-01,1059.47,1063.26,1059.47,1062.28,3140831380
2021-07-02,1062.28,1063.41,1058.96,1061.31,2651064934
2021-07-06,1061.15,1061.22,1048.58,1052.36,3565507371
2021-07-07,1052.35,1054.63,1044.77,1049.53,3397091547
2021-07-08,1049.48,1049.48,1035.21,1041.2,3675536873
2021-07-09,1041.22,1054.6,1041.22,1054.58,2944790702
2021-07-12,1054.58,1056.1,1050.66,1055.84,2764692057
2021-07-13,1055.83,1055.84,1046.67,1046.83,3081887338
2021-07-14,1046.86,1052.06,1040.57,1040.97,3362658319
2021-07-15,1040.98,1040.98,1032.8,1036.36,3248503910
2021-07-16,1036.36,1039.68,1026.89,1027.64,3320967494
2021-07-19,1027.63,1027.63,1006.69,1011.3,4294977053
2021-07-20,1011.3,1028.04,1011.3,1025.85,3662561177
2021-07-21,1025.85,1037.73,1025.85,1036.59,3163323114
2021-07-22,1036.59,1036.59,1028.42,1030.5,2781127724
2021-07-23,1030.5,1032.48,1026.87,1029.95,3699359930
2021-07-26,1029.96,1034.32,1029.51,1031.52,3574566621
2021-07-27,1031.51,1031.51,1020.08,1024.5,3570088887
2021-07-28,1024.51,1031.57,1023.29,1029.67,3516864557
2021-07-29,1029.67,1036.62,1029.67,1033.25,3336640003
2021-07-30,1033.24,1034.74,1027.06,1028.7,3305371708
2021-08-02,1028.7,1036.09,1026.5,1027.02,3070779203
2021-08-03,1027.02,1029.46,1021.17,1029.45,3295155373
2021-08-04,1029.45,1029.45,1020.59,1020.67,3573481998
2021-08-05,1020.68,1027.27,1020.68,1025.78,3161273796
2021-08-06,1025.78,1030.39,1025.78,1028.53,2886321675
2021-08-09,1028.49,1028.83,1024.76,1026.94,2810728911
2021-08-10,1026.97,1030.44,1026.48,1029.65,3222616879
2021-08-11,1029.65,1033.45,1028.42,1033.45,2909183978
2021-08-12,1033.44,1033.44,1027.7,1030.3,2765518125
2021-08-13,1030.29,1030.35,1025.27,1025.78,2498500202
2021-08-16,1025.78,1025.78,1017.08,1018.3,2758687279
2021-08-17,1018.3,1018.3,1003.8,1007.16,3166311690
2021-08-18,1007.16,1009.4,1001.64,1001.79,3100244632
2021-08-19,1001.78,1001.78,988.21,991.26,3681728516
2021-08-20,991.25,996.53,989.86,995.5,3023485123
2021-08-23,995.51,1004.66,995.51,1003.8,2954207844
2021-08-24,1003.8,1012.65,1003.8,1011.78,3310774446
2021-08-25,1011.78,1016.47,1010.62,1014.45,2824504239
2021-08-26,1014.44,1014.47,1008.11,1008.6,2706975232
2021-08-27,1008.61,1022.33,1008.61,1021.86,2753047038
2021-08-30,1021.88,1023.5,1018.87,1019.54,2618632281
2021-08-31,1019.54,1022.09,1019,1020.98,3466887846
2021-09-01,1020.98,1025.69,1019.6,1024.46,3326667348
2021-09-02,1024.45,1030.12,1024.45,1029.08,3073617223
2021-09-03,1029.08,1029.25,1025.38,1028.17,2652121149
2021-09-07,1028.18,1029.6,1023.61,1023.73,6171905317
2021-09-08,1023.73,1023.73,1015.56,1017.43,3082774333
2021-09-09,1017.42,1021.55,1015.58,1017.87,3072515885
2021-09-10,1017.87,1021.76,1013.22,1013.43,2977910923
2021-09-13,1013.44,1018.68,1013.44,1017.27,6413526678
2021-09-14,1017.27,1019.31,1008.25,1009.46,3002595034
2021-09-15,1009.46,1016.73,1009.43,1016.53,3326069378
2021-09-16,1016.51,1018.74,1012.32,1016.59,3266002200
2021-09-17,1016.6,1017.12,1011.56,1012.89,5313743166
2021-09-20,1012.85,1012.85,990.57,997.25,4000262727
2021-09-21,997.26,1003.07,996.09,999.46,3235423862
2021-09-22,999.47,1013.23,999.47,1009.26,3232365216
2021-09-23,1009.26,1019.75,1009.26,1017.42,3202179052
2021-09-24,1017.4,1017.76,1013.53,1015.52,2764312264
2021-09-27,1015.52,1024.67,1015.52,1022.01,3354388521
2021-09-28,1022.01,1022.04,1010.28,1010.7,3594844907
2021-09-29,1010.7,1013.28,1009.15,1009.69,3060993060
2021-09-30,1009.69,1012.26,1003.38,1004,3673937667
2021-10-01,1004.05,1013.66,1002.31,1011.65,3238617524
2021-10-04,1011.65,1013.2,1003.92,1004.91,3466768498
2021-10-05,1004.93,1011.58,1004.87,1007.69,3163102538
2021-10-06,1007.68,1007.68,996.79,1004.46,3284495568
2021-10-07,1004.47,1015.56,1004.47,1012.18,3155036467
2021-10-08,1012.19,1014.43,1010.05,1010.28,2705374265
2021-10-11,1010.28,1015.6,1008.11,1008.27,2709531896
2021-10-12,1008.27,1012.39,1008.27,1010.64,2912317864
2021-10-13,1010.65,1014.31,1007.71,1014.08,2952784359
2021-10-14,1014.09,1022.23,1014.09,1021.85,2927669008
2021-10-15,1021.85,1027.4,1021.6,1021.73,3170498303
2021-10-18,1021.72,1023.47,1019.68,1022.15,2957408301
2021-10-19,1022.16,1025.29,1022.13,1024.51,2824103668
2021-10-20,1024.52,1030.49,1024.51,1030.1,3035338480
2021-10-21,1030.11,1031.3,1026.25,1029.19,3093401373
2021-10-22,1029.19,1030.65,1025.08,1028.76,3033142678
2021-10-25,1028.77,1035.19,1028.77,1035.16,3164215832
2021-10-26,1035.16,1038.11,1032.63,1032.81,3138085000
2021-10-27,1032.81,1032.84,1024,1024.15,3416647291
2021-10-28,1024.15,1030.74,1024.15,1030.74,3395715683
2021-10-29,1030.77,1030.77,1027.08,1029.43,3621535074
2021-11-01,1037.37,1041.51,1037.15,1041.47,3044506789
2021-11-02,1037.69,1038.98,1036.87,1038.98,3016641004
2021-11-03,1042.79,1047.71,1042.24,1046.85,3253955804
2021-11-04,1048.49,1049.1,1042.09,1044.04,3329094630
2021-11-05,1049.19,1051.55,1048.16,1050.41,3314932412
2021-11-08,1050.46,1055.51,1050.46,1053.95,3226830312
2021-11-09,1053.95,1055.82,1049.66,1053.55,3215191161
2021-11-10,1053.55,1053.87,1043.59,1045.26,3527130769
2021-11-11,1045.26,1049.75,1045.26,1048.52,3123113369
2021-11-12,1048.52,1050.31,1048.22,1049.75,2904102918
2021-11-15,1049.77,1052.01,1047.52,1049.1,2709550987
2021-11-16,1049.1,1049.1,1045.99,1047.06,3063037400
2021-11-17,1047.06,1047.06,1039.68,1041.06,3096415074
2021-11-18,1041,1041.93,1031.99,1033.77,3366087255
2021-11-19,1033.76,1033.76,1026.85,1027.2,3416537749
2021-11-22,1027.21,1031.7,1024.36,1024.49,3585144769
2021-11-23,1024.49,1027.79,1018.91,1022.14,3444913581
2021-11-24,1022.13,1024.31,1018.47,1024.28,2719814292
2021-11-26,1024.24,1024.24,998.54,1005.28,2825794755
2021-11-29,1005.28,1012.3,1001.3,1004.49,3499079711
2021-11-30,1004.49,1004.49,985.62,989.14,5195890734
2021-12-01,989.21,1001.9,975.71,975.87,4279917838
2021-12-02,975.87,988.55,975.87,987.63,4098339029
2021-12-03,987.63,989.93,972.5,976.46,4152462813
2021-12-06,976.46,990.35,976.12,987.18,3815101993
2021-12-07,987.23,1003.92,987.23,1000.6,3609818549
2021-12-08,1000.6,1006.47,1000.37,1006,3330467277
2021-12-09,1005.97,1005.97,995.64,995.67,2983651200
2021-12-10,995.7,999.77,991.51,993.64,3088211144
2021-12-13,993.64,993.64,981.58,982.32,3508713067
2021-12-14,982.26,983.07,973.35,974.15,3503363774
2021-12-15,974.15,979.75,965.54,978.63,3904393145
2021-12-16,978.66,984.98,971.79,973.4,3817329267
2021-12-17,973.31,975.67,964.87,971.67,6332624456
2021-12-20,971.67,971.67,953.65,958.8,3110485981
2021-12-21,958.8,974.4,958.8,974.35,3120227377
2021-12-22,974.33,979.82,973.67,979.81,2617050915
2021-12-23,979.83,986.86,979.83,985.82,2337152783
2021-12-27,985.82,990.24,984.58,990.23,2223991252
2021-12-28,990.23,993.22,986.65,986.82,2171442750
2021-12-29,986.79,986.79,983.57,985.35,2433499965
2021-12-30,985.35,991.12,984.96,987.82,2572010055
2021-12-31,987.82,989.98,986.86,988.78,2222953824
2022-01-03,988.79,995.9,988.79,994.84,3061878301
2022-01-04,994.84,999.06,993.42,995.27,3811791901
2022-01-05,995.27,997.46,978.9,979.08,3941299270
2022-01-06,979.13,983.06,973.69,979.13,3457705507
2022-01-07,979.13,982.39,975.71,977.71,3368396204
2022-01-10,977.71,977.71,963.84,971.85,3623224936
2022-01-11,971.85,981.93,970.54,981.67,3332679543
2022-01-12,981.68,986.67,978.84,981.32,3233764764
2022-01-13,981.32,984.75,975.01,975.99,3384616133
2022-01-14,975.99,975.99,966.02,972.85,3444226929
2022-01-18,972.85,972.85,956.59,957.01,3690981268
2022-01-19,957.06,960.61,949.66,949.85,3539816818
2022-01-20,949.86,960.45,940.77,941.1,3687345800
2022-01-21,941.1,941.1,924.89,924.91,4360820522
2022-01-24,924.82,924.82,897.67,924.26,5260438055
2022-01-25,924.24,926.22,909.56,920.89,3948237106
2022-01-26,920.96,932.72,911.95,915.2,4226764509
2022-01-27,915.2,923.01,901.89,902.83,4102838479
2022-01-28,902.83,908.04,894.29,908.01,3977814072
2022-01-31,908.01,924.98,907.08,924.97,4065163426
2022-02-01,924.98,934.73,924.03,934.56,3758417308
2022-02-02,934.51,935.98,927.33,930.69,3466213176
2022-02-03,930.6,930.6,917.95,918.54,3403108839
2022-02-04,918.62,923.36,913.17,920.45,3703129140
2022-02-07,920.45,924.4,919.39,920.95,3281910568
2022-02-08,920.95,926.98,920.35,926.62,3487940264
2022-02-09,926.62,936.99,926.62,936.86,3637525931
2022-02-10,936.83,941.55,926.98,928.86,4134104773
2022-02-11,928.88,933.79,918.71,921.41,4131376581
2022-02-14,921.41,922.49,913.17,914.99,3255607664
2022-02-15,915.03,927.73,915.03,927.38,3496427339
2022-02-16,927.41,930.1,924.59,929.07,3338625351
2022-02-17,929.07,929.07,916.48,917.39,3570358650
2022-02-18,917.39,919.7,910.35,911.75,3597161412
2022-02-22,911.73,911.73,898.74,901.74,3712675657
2022-02-23,901.75,907.71,891.37,891.74,3524049953
2022-02-24,891.73,898.51,875.57,898.09,4841116393
2022-02-25,898.09,911.32,897.53,911.32,3997685865
2022-02-28,911.32,915.23,906.33,911.57,4651754981
2022-03-01,911.57,913.51,901.04,903.33,3693537823
2022-03-02,903.34,914.85,903.34,913.32,3630203566
2022-03-03,913.31,915.52,904.4,907.22,3943365773
2022-03-04,907.16,907.16,893.05,898,4480460896
2022-03-07,898.01,898.44,880.78,880.78,5158741436
2022-03-08,880.79,892.63,879.81,883.26,5317714384
2022-03-09,883.29,898.03,883.29,895.74,4200415285
2022-03-10,895.75,895.75,886.18,892.54,3756614949
2022-03-11,892.55,895.26,880.55,880.67,3777095112
2022-03-14,880.67,880.85,862.6,863.98,4299108659
2022-03-15,864.04,870.18,863.5,869.65,4152911233
2022-03-16,869.65,887.3,869.65,887.22,4737929293
2022-03-17,887.22,898.07,885.22,898.01,3878890454
2022-03-18,898.04,905.5,895.62,905.33,6677767600
2022-03-21,905.33,908.28,900.31,902.87,3878221920
2022-03-22,902.87,910.9,902.87,910.13,3846266583
2022-03-23,910.12,911.69,905.38,906.45,3685177929
2022-03-24,906.45,911.93,905.22,911.92,3272882565
2022-03-25,911.92,912.47,908.55,912.43,3420972472
2022-03-28,912.43,912.43,905.34,910.47,3388807492
2022-03-29,910.47,923.75,910.45,923.02,3864827113
2022-03-30,923.02,924.31,915.42,917.74,3429505681
2022-03-31,917.74,919.01,911.39,911.4,3381673106
2022-04-01,911.44,916.44,911.44,915.91,3638976038
2022-04-04,915.92,920.89,915.68,920.43,3529692765
2022-04-05,920.43,922.7,907.3,907.71,3614222804
2022-04-06,907.71,907.71,895.94,898.98,3762984199
2022-04-07,898.98,899.79,890.94,897.85,3722426421
2022-04-08,897.85,901.76,894.93,897.11,3159555159
2022-04-11,897.11,897.8,890.67,890.87,3243670081
2022-04-12,890.86,900.81,889.46,890.66,3211718759
2022-04-13,890.66,899.21,890.66,898.78,3012881759
2022-04-14,898.78,900.91,893.65,893.73,3198120589
2022-04-18,893.68,893.7,887.67,889.37,3126229448
2022-04-19,889.37,897.54,888.77,896.75,3245895111
2022-04-20,896.75,901.45,896.74,898.22,3332866509
2022-04-21,898.22,903.16,883.65,884.77,3657206157
2022-04-22,884.77,884.77,868.56,869.49,3593041122
2022-04-25,869.49,869.51,857.19,868.84,3954877574
2022-04-26,868.84,868.84,853.44,853.44,3601660994
2022-04-27,853.45,859.62,851.37,851.88,3308576420
2022-04-28,851.88,863.13,847.08,861.12,3743607538
2022-04-29,861.12,864.15,846.66,847.65,3738887642
2022-05-02,847.64,849.88,836.15,845.69,3853330882
2022-05-03,845.76,852.11,845.16,849.01,3538721156
2022-05-04,849.03,861.92,841.52,861.38,4022660798
2022-05-05,861.37,861.37,834.51,838.99,3644605203
2022-05-06,838.98,838.98,825.81,830.25,3706077691
2022-05-09,830.19,830.19,798.06,799.5,4485263602
2022-05-10,799.5,807.67,786.29,791.67,4682742355
2022-05-11,791.69,800.42,779.01,779.37,4450274905
2022-05-12,779.28,784.87,771.53,779.91,4837545494
2022-05-13,779.91,799.22,779.91,796.5,4149273587
2022-05-16,796.5,799.93,794.04,795.99,3609346250
2022-05-17,796.09,816.08,796.09,815.92,3981095369
2022-05-18,815.9,815.9,791.79,794.15,3855361781
2022-05-19,794.07,803.84,790.99,797.91,3923300625
2022-05-20,797.92,805.73,781,794.87,4137041302
2022-05-23,794.88,802.81,793.17,801.05,3512689328
2022-05-24,801.05,801.05,779.35,785.47,3815789680
2022-05-25,785.47,799.27,784.19,797.35,3883337473
2022-05-26,797.36,812.31,797.36,809.91,3824868094
2022-05-27,809.92,822.28,809.91,822.28,3502462097
2022-05-31,822.27,822.27,814.48,817.05,4089645025
2022-06-01,817.07,820.19,807.85,813.11,3588319895
2022-06-02,813.11,824.05,813.1,823.98,3534366137
2022-06-03,823.95,823.95,815.49,817.14,2986575579
2022-06-06,817.14,823.32,815.9,816.07,3366612114
2022-06-07,816.04,819.18,811.03,819.15,3332606415
2022-06-08,819.15,819.39,811.97,812.89,3341039594
2022-06-09,812.89,812.89,798.48,798.48,3326565527
2022-06-10,798.47,798.47,781.39,782.4,3895955912
2022-06-13,782.39,782.39,748.41,749.95,4266304092
2022-06-14,749.95,753.42,742.54,746.19,4151332898
2022-06-15,746.19,759.02,746.19,753.82,4308578035
2022-06-16,752.75,752.75,728.08,730,4242926669
2022-06-17,730,737.71,727.81,732.83,6890090117
2022-06-21,732.83,745.82,732.83,740.67,3865043447
2022-06-22,740.67,741.17,733.39,736.54,3963310864
2022-06-23,736.54,739.84,731.33,737.54,4076006388
2022-06-24,737.54,752.03,737.54,751.11,4472412195
2022-06-27,751.11,754.94,749.78,751.6,3463723343
2022-06-28,751.6,758.15,743.38,743.56,3421213368
2022-06-29,743.56,743.75,733.72,735.97,3392760390
2022-06-30,735.96,735.96,725.79,730.15,3543537755
2022-07-01,730.15,734.96,726.79,734.6,3243122876
2022-07-05,734.6,734.6,721.57,732.55,4011819140
2022-07-06,732.55,734.23,723.98,727.72,3527147571
2022-07-07,727.73,740.25,727.73,739.29,3257062760
2022-07-08,739.29,741.61,734.9,738.69,2857427835
2022-07-11,738.69,738.69,729.29,729.65,2727080744
2022-07-12,729.65,731.6,725.83,727.45,3000265392
2022-07-13,727.43,728.01,719.98,726.32,3134446614
2022-07-14,726.32,726.32,713.51,719.09,3292757175
2022-07-15,719.08,727.85,719.08,727.81,3270959504
2022-07-18,727.81,736.68,727.81,729.59,3199641481
2022-07-19,729.62,742.35,729.62,742.17,3285612887
2022-07-20,742.16,748.14,741.12,747.67,3388532092
2022-07-21,747.49,748.74,741.67,748.72,3236785710
2022-07-22,748.72,750.82,740.68,743.18,3186011406
2022-07-25,743.18,746.49,741.55,745.12,2884624742
2022-07-26,745.11,745.11,738.76,739.33,3046998352
2022-07-27,739.34,751.56,739.34,750.87,3250048068
2022-07-28,750.91,758.66,747.76,758.56,3582380026
2022-07-29,758.56,764.93,757.45,764.24,3697626259
2022-08-01,764.23,765.55,757.62,764.18,3358076310
2022-08-02,764.18,769.12,762.04,765.35,3807057190
2022-08-03,765.39,771.08,765.01,770.31,3519379712
2022-08-04,770.31,771.04,768.01,768.7,3437311521
2022-08-05,768.68,770.27,763.52,769.78,3341709064
2022-08-08,769.8,778.48,769.8,773.84,3409013855
2022-08-09,773.84,773.84,764.06,764.82,3138443645
2022-08-10,764.83,777.47,764.83,777.26,3699739180
2022-08-11,777.26,786.21,777.26,780.16,3738853658
2022-08-12,780.16,788.43,780.16,788.43,3070334041
2022-08-15,788.43,788.43,782.72,787.5,2966177156
2022-08-16,787.5,790.41,784.51,788.09,3520082291
2022-08-17,788.09,788.09,777.84,779.5,3148018355
2022-08-18,779.51,781.45,778.45,781.13,2689511249
2022-08-19,781.09,781.09,768.5,769.38,3051108611
2022-08-22,769.36,769.36,757.79,758.61,3021009744
2022-08-23,758.62,764.62,757.35,758.67,3082189809
2022-08-24,758.67,763.44,757.96,761.83,2894652596
2022-08-25,761.83,769.11,761.83,769.04,2887137718
2022-08-26,769.19,770.07,754.86,754.88,3012028034
2022-08-29,754.87,754.87,750.37,751.37,2699839009
2022-08-30,751.37,752.62,741.62,742.66,3041080324
2022-08-31,742.64,743.79,738.49,739.04,3057839721
2022-09-01,739.02,739.02,726.36,730.94,3339812276
2022-09-02,730.94,738.04,728.41,729.78,2910524725
2022-09-06,729.79,731.73,723.43,724.36,3219011361
2022-09-07,724.36,731.82,722.69,731.45,3080453408
2022-09-08,731.45,733.25,726.52,732.31,3057471898
2022-09-09,732.38,743.04,732.38,742.51,3141758293
2022-09-12,742.65,748.8,742.65,747.55,3023288866
2022-09-13,747.45,747.45,731.96,731.99,2135550453
2022-09-14,731.99,732.63,727.99,731.91,3412140593
2022-09-15,731.84,734.49,725.4,726,3517494637
2022-09-16,725.95,725.95,714.62,718.23,6136121426
2022-09-19,718.19,719.21,713.23,718.74,3005396149
2022-09-20,718.74,718.74,704.05,705.98,3243372855
2022-09-21,705.98,709.44,698.74,698.97,3291458591
2022-09-22,698.97,699.05,686.27,687.55,3459008880
2022-09-23,687.47,687.47,668.02,672.82,4179461188
2022-09-26,672.81,673.83,660.21,660.33,3885839262
2022-09-27,660.39,666.87,655.68,657.21,3636478051
2022-09-28,657.22,670.66,657.22,668.91,3683943148
2022-09-29,668.9,668.9,651.86,655.39,3789082846
2022-09-30,655.39,660.72,653,653.87,3923970230
2022-10-03,653.89,667.75,653.89,665.71,3789420148
2022-10-04,665.71,677.43,665.71,672.96,4105912267
2022-10-05,672.92,672.92,661.9,668.74,3469077075
2022-10-06,668.69,670.13,663.54,663.96,3417542668
2022-10-07,663.91,663.91,650.94,652.23,3543963327
2022-10-10,652.22,653.15,644.53,645.59,3069807245
2022-10-11,645.59,649.12,639.21,643.89,3777239200
2022-10-12,643.89,643.89,639.43,641.2,3224872378
2022-10-13,641.11,646.91,628.17,645.84,3974765329
2022-10-14,645.84,650.18,634.55,634.86,3161311363
2022-10-17,634.91,647.81,634.91,644.96,3477621408
2022-10-18,644.97,655.35,644.97,649.06,3685927774
2022-10-19,649.04,649.04,639.24,641.28,3420680242
2022-10-20,641.29,645.9,635.67,636.31,3623351643
2022-10-21,636.31,643.15,633.75,642.49,4134990011
2022-10-24,642.49,643.02,636.58,640.06,4059566812
2022-10-25,640.06,650.6,640.06,650.02,750726180
2022-10-26,650.02,656.3,648.94,649.14,2748565554
2022-10-27,649.15,654.48,648.43,648.77,3901280835
2022-10-28,648.77,653.49,647.03,653.25,3654134325
2022-10-31,653.99,654.79,652.35,653.54,4740978069
2022-11-01,656.73,657.36,653.18,653.3,3412876368
2022-11-02,649.75,655.94,642.02,642.14,4059477018
2022-11-03,639.1,641.55,638.25,639.42,3892052483
2022-11-04,647.61,648.26,639.97,644.76,4574654711
2022-11-07,644.76,647.72,643.75,646.33,3665732803
2022-11-08,646.34,651.24,643.09,647.78,3883365866
2022-11-09,647.78,647.78,635.39,635.78,3952867625
2022-11-10,635.82,659.01,635.82,658.73,4883882818
2022-11-11,658.77,667.73,658.77,665.89,4693912655
2022-11-14,665.9,665.9,660.75,660.84,3786974239
2022-11-15,660.86,669.82,660.86,666.65,4141935311
2022-11-16,666.55,666.55,658.36,659.19,3471656494
2022-11-17,659.16,659.17,652.26,655.71,3414553511
2022-11-18,655.71,659.48,653.62,655.27,3277773141
2022-11-21,655.27,655.27,649.73,651.69,3186051970
2022-11-22,651.69,657.15,651.69,657.15,3138537822
2022-11-23,657.14,659.66,655.54,658.93,2700215102
2022-11-25,658.93,660.68,658.11,659.49,1394153379
2022-11-28,659.48,659.48,650.39,650.88,2903487711
2022-11-29,650.88,654.53,650.88,652.12,2951780732
2022-11-30,652.12,661.38,647.1,661.3,5182176171
2022-12-01,661.3,664.45,660.57,661.98,3709019582
2022-12-02,661.98,663.85,657.21,662.54,3273505796
2022-12-05,662.52,662.56,651.18,651.41,3521036024
2022-12-06,651.42,652.38,643.4,645.85,3680154971
2022-12-07,645.85,646.92,643.37,643.95,3342639443
2022-12-08,643.92,649,643.92,645.18,3348136404
2022-12-09,645.18,647.37,642.71,642.83,3153068505
2022-12-12,642.83,645.3,641.46,644.9,3169318384
2022-12-13,644.97,655.91,644.97,646.86,4141564884
2022-12-14,646.85,648.63,642.33,644.85,3764391763
2022-12-15,644.85,644.85,634.65,634.65,3644956997
2022-12-16,634.61,634.65,629.32,632.09,6019791955
2022-12-19,632.09,632.52,624.64,625.32,3310203900
2022-12-20,625.31,628.22,623.77,624.04,3311769715
2022-12-21,624.04,632.35,624.02,631.12,3145472105
2022-12-22,631.21,631.21,617.48,622.46,3242195931
2022-12-23,622.52,625.35,620.92,625.32,2377137789
2022-12-27,625.32,625.35,621.26,623.16,2534864239
2022-12-28,623.14,624.34,616.25,616.3,2585096958
2022-12-29,616.26,624.78,616.26,624.35,2569150112
2022-12-30,624.35,626.72,621.31,626.41,2476752513
2023-01-03,626.44,633.39,624.95,628.25,3269804357
2023-01-04,628.25,638.11,628.25,637.7,3602364721
2023-01-05,637.68,637.68,632.09,635.54,3151286307
2023-01-06,635.59,646.13,635.59,646.13,3261290381
2023-01-09,646.13,653.04,646.13,649.67,3467579206
2023-01-10,649.67,655.56,648.71,655.54,3182390428
2023-01-11,655.56,662.41,655.56,662.34,3530818123
2023-01-12,662.34,670.12,661.73,670.12,3686752673
2023-01-13,670.08,673.02,667.24,672.82,3287160880
2023-01-17,672.82,674.73,671.8,673.83,3529753526
2023-01-18,673.83,679.58,669.35,669.43,3555742918
2023-01-19,669.42,669.42,663.87,666.07,3255247774
2023-01-20,666.07,674.39,665.43,674.39,3271772549
2023-01-23,674.4,679.68,674.18,678.53,3268319713
2023-01-24,678.52,679.2,675.61,677.56,2727291224
2023-01-25,677.55,679.33,671.6,679.33,3121164003
2023-01-26,679.33,682.62,678.23,682.28,3215400487
2023-01-27,682.27,687.05,681.15,685.89,3283476275
2023-01-30,685.77,685.8,680.3,680.3,3164093016
2023-01-31,680.45,689.16,680.45,689.14,3759890845
2023-02-01,689.03,697,686.25,694.55,4108271764
2023-02-02,694.57,702.47,694.57,700.2,4741776520
2023-02-03,700.02,700.02,694.18,694.9,3930731057
2023-02-06,694.9,694.9,688.05,689.31,3394588235
2023-02-07,689.31,692.45,685.65,691.82,3655523894
2023-02-08,691.82,691.82,687.13,687.46,3353973588
2023-02-09,687.46,692.16,681.52,682.14,3534440732
2023-02-10,682.11,682.77,679.66,682.53,3230590768
2023-02-13,682.53,686.89,681.63,686.58,2830025402
2023-02-14,686.58,689.6,683.13,688.47,3227799768
2023-02-15,688.43,691.07,685.61,691.05,3429309393
2023-02-16,691.05,691.05,685.33,687.05,3445580037
2023-02-17,687.05,687.06,682.47,683.69,3246714872
2023-02-21,683.69,683.69,671.49,671.49,3393220137
2023-02-22,671.49,675.16,671.25,672.57,3325227341
2023-02-23,672.58,676.79,670.4,673.95,3287535066
2023-02-24,673.95,673.95,666.56,668.98,3228922087
2023-02-27,668.98,674.35,668.98,670.19,3175705335
2023-02-28,670.2,672.32,669.72,669.87,3351535081
2023-03-01,669.87,671.35,667.65,669.16,3493993445
2023-03-02,669.15,669.45,664.23,668.91,3534721266
2023-03-03,668.53,676.25,668.53,675.86,3359935758
2023-03-06,675.87,676.2,669.9,670.86,3316078882
2023-03-07,670.67,670.67,662.97,663.74,3209405162
2023-03-08,663.74,665.03,660.25,662.27,2950886794
2023-03-09,662.27,663.78,649.95,649.95,3679019187
2023-03-10,649.95,649.95,635.47,637.01,3885692353
2023-03-13,632.36,632.5,625.77,625.89,6554524707
2023-03-14,637.23,637.27,628.51,631.21,5616712268
2023-03-15,620.29,620.69,614.68,620.35,6605902060
2023-03-16,622.07,627.61,621.65,626.47,5685750269
2023-03-17,615.91,617.49,614.43,614.52,9206859049
2023-03-20,620.26,620.28,615.13,615.27,5321935513
2023-03-21,623.97,625.16,622.64,624.29,4914728774
2023-03-22,622.98,625.88,615.87,615.96,4573222855
2023-03-23,621.59,622.2,611.61,613.89,4983491361
2023-03-24,610.14,614.93,610.01,614.93,4577799212
2023-03-27,615,620.57,615,619.31,3461141547
2023-03-28,619.31,621.57,618.65,620.57,3380020481
2023-03-29,620.62,626.7,620.62,626.62,3510520814
2023-03-30,626.67,631.01,626.67,629.28,3267288041
2023-03-31,629.4,637.48,629.4,637.48,3370447694
2023-04-03,637.51,640.76,635.87,638.16,3503718135
2023-04-04,638.18,639.36,630.27,632.58,3518155959
2023-04-05,632.58,632.58,626.63,628.11,3301921374
2023-04-06,628.11,629.02,625.95,627.87,2923668316
2023-04-10,627.86,630.92,626.33,630.88,2764341262
2023-04-11,630.89,637,630.89,635.11,3083109827
2023-04-12,635.11,638.76,632.32,632.76,3069153744
2023-04-13,632.76,637.65,632.76,636.36,3022057576
2023-04-14,636.36,638.75,631.15,632.9,2998066148
2023-04-17,632.9,634.92,632.37,634.8,3002806850
2023-04-18,634.82,636.14,632.18,633.49,2927805973
2023-04-19,633.49,633.49,630.57,632.44,2983210228
2023-04-20,632.42,632.42,628.29,629.29,3148443146
2023-04-21,629.29,629.99,626.87,628.31,2945330476
2023-04-24,628.31,630,627.03,628.14,2795148923
2023-04-25,628.11,628.11,617.46,617.51,3389171387
2023-04-26,617.52,618.68,612.74,613.1,3228549322
2023-04-27,613.1,619.53,613.1,619.01,3145815233
2023-04-28,619.01,623.65,618.4,623.65,3467784084
2023-05-01,623.67,625.39,621.21,622.44,2812601359
